current_model,base_model,base_model_relation
abacusai/Slerp-CM-mist-dpo,"cookinai/CatMacaroni-Slerp,mncai/mistral-7b-dpo-v5",merge
aifeifei798/llama3-8B-DarkIdol-1.0,"Gryphe/Pantheon-RP-1.0-8b-Llama-3,cgato/L3-TheSpice-8b-v0.8.3,ChaoticNeutrals/Poppy_Porpoise-1.4-L3-8B",merge
aifeifei798/llama3-8B-DarkIdol-2.1-Uncensored-32K,"Nitral-AI/Hathor_Fractionate-L3-8B-v.05,Hastagaras/Jamet-8B-L3-MK.V-Blackroot,turboderp/llama3-turbcat-instruct-8b,Sao10K/L3-8B-Stheno-v3.3-32K,theminji/Llama3-Toxic-8B-Float16,cgato/L3-TheSpice-8b-v0.8.3",merge
akjindal53244/Llama-3.1-Storm-8B,"meta-llama/Llama-3.1-8B-Instruct,arcee-ai/Llama-Spark",merge
alnrg2arg/blockchainlabs_7B_merged_test2_4,"mlabonne/NeuralBeagle14-7B,udkai/Turdus",merge
answerdotai/answerai-colbert-small-v1,"bge-small-en-v1.5,thenlper/gte-small,microsoft/MiniLM-L12-H384-uncased",merge
arcee-ai/Llama-Spark,"meta-llama/Llama-3.1-8B,meta-llama/Llama-3.1-8B-Instruct",merge
Arkana08/LexiMaid-L3-8B,"NeverSleep/Lumimaid-v0.2-8B,SicariusSicariiStuff/Dusk_Rainbow,Sao10K/Llama-3.1-8B-Stheno-v3.4,nothingiisreal/L3.1-8B-Celeste-V1.5,Orenguteng/Llama-3.1-8B-Lexi-Uncensored-V2",merge
Arkana08/Mythorica-L3-8B,"ChaoticNeutrals/Hathor_Tahsin-L3-8B-v0.9,Sao10K/L3-8B-Chara-v1-Alpha,Arkana08/LexiMaid-L3-8B",merge
Aryanne/Astrea-RP-v1-3B,"euclaise/Echo-3B,stabilityai/stablelm-zephyr-3b,Aryanne/Astridboros-3B,euclaise/Ferret-3B",merge
athirdpath/Eileithyia-13B,"athirdpath/Eileithyia-13B-LORA,KoboldAI/LLaMA2-13B-TiefighterLR",merge
bunnycore/Best-Mix-Llama-3.1-8B,"DreadPoor/Aurora_faustus-8B-LINEAR,bunnycore/Llama-3.1-8B-TitanFusion-Mix,Joseph717171/Llama-3.1-SuperNova-8B-Lite_TIES_with_Base,nvidia/OpenMath2-Llama3.1-8B,vicgalle/Configurable-Llama-3.1-8B-Instruct",merge
bunnycore/Cognitron-8B,"Orenguteng/Llama-3-8B-Lexi-Uncensored,Weyaxi/Einstein-v6.1-Llama3-8B,cognitivecomputations/dolphin-2.9-llama3-8b",merge
bunnycore/HyperLlama-3.1-8B,"Dampfinchen/Llama-3.1-8B-Ultra-Instruct,Orenguteng/Llama-3.1-8B-Lexi-Uncensored-V2",merge
bunnycore/HyperLLama3.1-Mix-8B,"bunnycore/HyperLlama-3.1-8B,vicgalle/Configurable-Llama-3.1-8B-Instruct,xinchen9/Llama3.1_CoT,Orenguteng/Llama-3.1-8B-Lexi-Uncensored-V2,vicgalle/Humanish-Roleplay-Llama-3.1-8B,unsloth/Meta-Llama-3.1-8B",merge
bunnycore/Qandora-2.5-7B,"rombodawg/Rombos-LLM-V2.5-Qwen-7b,fblgit/cybertron-v4-qw7B-MGS",merge
chujiezheng/Llama-3-Instruct-8B-SimPO-ExPO,"princeton-nlp/Llama-3-Instruct-8B-SimPO,meta-llama/Meta-Llama-3-8B-Instruct",merge
chujiezheng/LLaMA3-iterative-DPO-final-ExPO,"RLHFlow/LLaMA3-iterative-DPO-final,RLHFlow/LLaMA3-SFT",merge
CorticalStack/neurotic-crown-clown-7b-ties,"mlabonne/NeuralMonarch-7B,mlabonne/AlphaMonarch-7B,bardsai/jaskier-7b-dpo-v5.6",merge
CorticalStack/pastiche-crown-clown-7b-dare,"bardsai/jaskier-7b-dpo-v5.6,mlabonne/AlphaMonarch-7B,mlabonne/NeuralMonarch-7B,macadeliccc/MBX-7B-v3-DPO",merge
CorticalStack/shadow-clown-7B-dare,"CorticalStack/pastiche-crown-clown-7b-dare-dpo,CultriX/NeuralTrix-7B-dpo,CorticalStack/neurotic-crown-clown-7b-ties",merge
CorticalStack/shadow-clown-7B-slerp,"Gille/StrangeMerges_32-7B-slerp,yam-peleg/Experiment26-7B",merge
Endevor/EndlessRP-v3-7B,"mistralai/Mistral-7B-v0.1,Elizezen/Hameln-japanese-mistral-7B,fblgit/una-cybertron-7b-v3-OMA,cgato/Thespis-CurtainCall-7b-v0.1.2,Doctor-Shotgun/mistral-v0.1-7b-pippa-metharme-lora",merge
Epiculous/Fett-uccine-Long-Noodle-7B-120k-Context,"NousResearch/Yarn-Mistral-7b-128k,Epiculous/Fett-uccine-7B",merge
Epiculous/Violet_Twilight-v0.2,"Epiculous/Crimson_Dawn-V0.2,Epiculous/Azure_Dusk-v0.2",merge
eren23/ogno-monarch-jaskier-merge-7b,"mlabonne/Monarch-7B,paulml/OGNO-7B,bardsai/jaskier-7b-dpo-v5.6",merge
Eric111/Mayo,"mlabonne/NeuralBeagle14-7B,openchat/openchat-3.5-0106",merge
facebook/rag-token-nq,"facebook/dpr-question_encoder-single-nq-base,facebook/bart-large",merge
FelixChao/NinjaDolphin-7B,"beowolx/CodeNinja-1.0-OpenChat-7B,beowolx/MistralHermes-CodePro-7B-v1",merge
FelixChao/Severus-7B,"samir-fama/FernandoGPT-v1,FelixChao/NinjaDolphin-7B",merge
FelixChao/WestSeverus-7B,"senseable/WestLake-7B-v2,FelixChao/Severus-7B",merge
flemmingmiguel/MarcMistral-7B,"nfaheem/Marcoroni-7b-DPO-Merge,EmbeddedLLM/Mistral-7B-Merge-14-v0.5",merge
flemmingmiguel/MBX-7B,"leveldevai/MarcDareBeagle-7B,leveldevai/MarcBeagle-7B",merge
invisietch/EtherealRainbow-v0.3-8B,"mlabonne/NeuralDaredevil-8B-abliterated,Sao10K/L3-8B-Stheno-v3.2,Nitral-AI/Hathor_Stable-v0.2-L3-8B,grimjim/Llama-3-Luminurse-v0.2-OAS-8B,hf-100/Llama-3-Spellbound-Instruct-8B-0.3,Gryphe/Pantheon-RP-1.0-8b-Llama-3,Blackroot/Llama-3-LongStory,Locutusque/Llama-3-Hercules-5.0-8B,Casual-Autopsy/L3-Umbral-Mind-RP-v0.3-8B,ChaoticNeutrals/Poppy_Porpoise-1.0-L3-8B,mpasila/Llama-3-LimaRP-Instruct-8B,Undi95/Llama-3-LewdPlay-8B-evo",merge
jan-hq/supermario-v2,"Weyaxi/OpenHermes-2.5-neural-chat-v3-3-Slerp,Q-bert/MetaMath-Cybertron-Starling,mistralai/Mistral-7B-v0.1",merge
jeiku/Average_Normie_v3.69_8B,"cgato/L3-TheSpice-8b-v0.8.3,Sao10K/L3-8B-Stheno-v3.2,saishf/Aura-Uncensored-OAS-8B-L3",merge
jeiku/Rosa_v1_3B,"Aryanne/Astrea-RP-v1-3B,jondurbin/airoboros-3b-3p0,pansophic/rocket-3B,stabilityai/stablelm-zephyr-3b",merge
Joseph717171/Llama-3.1-SuperNova-8B-Lite_TIES_with_Base,"meta-llama/Llama-3.1-8B,arcee-ai/Llama-3.1-SuperNova-Lite",merge
kaitchup/Mayonnaise-4in1-022,"mncai/mistral-7b-dpo-v5,FelixChao/WestSeverus-7B-DPO-v2,BarryFutureman/NeuralTurdusVariant1-7B",merge
KoboldAI/LLaMA2-13B-Psyfighter2,"TheBloke/Llama-2-13B-fp16,KoboldAI/LLaMA2-13B-Tiefighter,Doctor-Shotgun/cat-v1.0-13b,Doctor-Shotgun/llama-2-13b-chat-limarp-v2-merged",merge
leveldevai/MarcBeagle-7B,"flemmingmiguel/MarcMistral-7B,leveldevai/TurdusBeagle-7B",merge
leveldevai/MarcDareBeagle-7B,"flemmingmiguel/MarcMistral-7B,leveldevai/TurdusDareBeagle-7B",merge
leveldevai/TurdusBeagle-7B,"mlabonne/NeuralBeagle14-7B,udkai/Turdus",merge
liminerity/Blur-7B-slerp-v0.1,"OpenPipe/mistral-ft-optimized-1218,mlabonne/Marcoro14-7B-slerp",merge
liminerity/Blurstral-7b-slerp,"mistralai/Mistral-7B-v0.1,liminerity/Blur-7B-slerp-v0.1,OpenPipe/mistral-ft-optimized-1218",merge
liminerity/M7-7b,"MTSAIR/multi_verse_model,MSL7/INEX12-7b",merge
llava-hf/llava-v1.6-mistral-7b-hf,"NousResearch/Nous-Hermes-2-Yi-34B,mistralai/Mistral-7B-Instruct-v0.2",merge
maldv/badger-lambda-llama-3-8b,"Weyaxi/Einstein-v6.1-Llama3-8B,openchat/openchat-3.6-8b-20240522,cgato/L3-TheSpice-8b-v0.8.3,RLHFlow/LLaMA3-iterative-DPO-final,Hastagaras/Jamet-8B-L3-MK.V-Blackroot,jpacifico/French-Alpaca-Llama3-8B-Instruct-v1.0,swap-uniba/LLaMAntino-3-ANITA-8B-Inst-DPO-ITA,gradientai/Llama-3-8B-Instruct-Gradient-4194k,vicgalle/Roleplay-Llama-3-8B,Sao10K/L3-8B-Stheno-v3.2,nbeerbower/llama-3-wissenschaft-8B-v2,dreamgen-preview/opus-v1.2-llama-3-8b-instruct-run3.5-epoch2.5,vicgalle/Configurable-Llama-3-8B-v0.3,VAGOsolutions/Llama-3-SauerkrautLM-8b-Instruct,Edgerunners/meta-llama-3-8b-instruct-hf-ortho-baukit-34fail-3000total-bf16,failspy/Meta-Llama-3-8B-Instruct-abliterated-v3,meta-llama/Meta-Llama-3-8B-Instruct",merge
malteos/hermeo-7b,"openaccess-ai-collective/DPOpenHermes-7B-v2,LeoLM/leo-mistral-hessianai-7b-chat",merge
MarinaraSpaghetti/NemoMix-Unleashed-12B,"nbeerbower/mistral-nemo-bophades-12B,mistralai/Mistral-Nemo-Instruct-2407,nbeerbower/mistral-nemo-gutenberg-12B,Sao10K/MN-12B-Lyra-v1,intervitens/mini-magnum-12b-v1.1",merge
MatthieuJ/Jason1903_SLERP,"chihoonlee10/T3Q-Mistral-Orca-Math-DPO,yam-peleg/Experiment26-7B",merge
NeverSleep/Llama-3-Lumimaid-8B-v0.1-OAS,"Undi95/Llama-3-Unholy-8B-e4,Undi95/Llama-3-LewdPlay-8B,NeverSleep/Llama-3-Lumimaid-8B-v0.1",merge
nfaheem/Marcoroni-7b-DPO-Merge,"fblgit/UNA-TheBeagle-7b-v1,udkai/Turdus",merge
OpenPipe/mistral-ft-optimized-1218,"Weyaxi/OpenHermes-2.5-neural-chat-v3-3-Slerp,Q-bert/MetaMath-Cybertron-Starling,mistralai/Mistral-7B-v0.1",merge
paloalma/Le_Triomphant-ECE-TW3,"abacusai/Smaug-72B-v0.1,MTSAIR/MultiVerse_70B",merge
rishiraj/CatPPT-base,"Intel/neural-chat-7b-v3-3,openchat/openchat-3.5-1210",merge
samir-fama/FernandoGPT-v1,"cookinai/CatMacaroni-Slerp,shadowml/Marcoro14-7B-slerp",merge
samir-fama/SamirGPT-v1,"cookinai/CatMacaroni-Slerp,viethq188/LeoScorpius-7B",merge
SanjiWatsuki/Loyal-Toppy-Bruins-Maid-7B-DARE,"chargoddard/loyal-piano-m7,Undi95/Toppy-M-7B,NeverSleep/Noromaid-7b-v0.1.1,mistralai/Mistral-7B-v0.1",merge
SanjiWatsuki/Silicon-Maid-7B,"xDAN-AI/xDAN-L1-Chat-RL-v1,chargoddard/loyal-piano-m7",merge
Sao10K/L3-8B-Lunaris-v1,"maldv/badger-iota-llama-3-8b,meta-llama/Meta-Llama-3-8B-Instruct",merge
shadowml/DareBeagle-7B,"mlabonne/NeuralBeagle14-7B,mlabonne/NeuralDaredevil-7B",merge
sophosympatheia/Midnight-Rose-70B-v2.0.3,"sophosympatheia/Midnight-Rose-70B-v1.0,sophosympatheia/Wizard-Tulu-Dolphin-70B-v1.0,WizardLMTeam/WizardLM-70B-V1.0,allenai/tulu-2-dpo-70b,cognitivecomputations/dolphin-2.2-70b",merge
Undi95/Mistral-7B-small_pippa_limaRP-v3-lora,"lemonilia/LimaRP-Mistral-7B-v0.1,Undi95/Mistral-7B-smoll_pippa-lora",merge
Undi95/PsyMedRP-v1-20B,"jondurbin/airoboros-l2-13b-3.0,ehartford/Samantha-1.11-13b,Xwin-LM/Xwin-LM-13B-V0.1,chaoyi-wu/MedLLaMA_13B,migtissera/Synthia-13B-v1.2,Undi95/LimaRP-v3-120-Days",merge
uukuguy/speechless-zephyr-code-functionary-7b,"HuggingFaceH4/zephyr-7b-beta,meetkai/functionary-small-v2.2,uukuguy/speechless-code-mistral-7b-v1.0",merge
Undi95/PsyMedRP-v1-13B,"jondurbin/airoboros-l2-13b-3.0,ehartford/Samantha-1.11-13b,chaoyi-wu/MedLLaMA_13B,Xwin-LM/Xwin-LM-13B-V0.1,The-Face-Of-Goonery/Huginn-13b-FP16,Undi95/LimaRP-v3-120-Days",merge
Undi95/Xwin-MLewd-13B-V0.2,"Xwin-LM/Xwin-LM-13B-V0.2,Undi95/MLewd-v2.4-13B",merge
Undi95/Utopia-13B,"Xwin-LM/Xwin-LM-13B-V0.2,Undi95/Storytelling-v2.1-13B-lora,NeverSleep/Nethena-13B,zattio770/120-Days-of-LORA-v2-13B,PygmalionAI/pygmalion-2-13b,lemonilia/LimaRP-Llama2-13B-v3-EXPERIMENT,TheBloke/Llama-2-13B-fp16",merge
bunnycore/Gemma2-2B-mixed,"IlyaGusev/gemma-2-2b-it-abliterated,TheDrummer/Gemmasutra-Mini-2B-v1,monsterapi/gemma-2-2b-LoRA-MonsterInstruct",merge
Locutusque/TinyMistral-248M-v2.5,"Locutusque/TinyMistral-248M-v2,Locutusque/TinyMistral-248M",merge
sometimesanotion/Base-Chocolatine-2-14B-Instruct-v2.0b3,"sometimesanotion/Base-Qwenvergence-dare_ties,jpacifico/Chocolatine-2-14B-Instruct-v2.0b3,sometimesanotion/LoRA-256-Base-Qwenvergence",merge
MarsupialAI/Monstral-123B-v2,"TheDrummer/Behemoth-123B-v1.2,anthracite-org/magnum-v4-123b,migtissera/Tess-3-Mistral-Large-2-123B",merge
schnapper79/lumikabra-123B_v0.4,"anthracite-org/magnum-v2-123b,FluffyKaeloky/Luminum-v0.1-123B,migtissera/Tess-3-Mistral-Large-2-123B,mistralai/Mistral-Large-Instruct-2407",merge
abideen/DareVox-7B,"teknium/OpenHermes-2.5-Mistral-7B,abacusai/Slerp-CM-mist-dpo,berkeley-nest/Starling-LM-7B-alpha",merge
abideen/NexoNimbus-7B,"abideen/DareVox-7B,udkai/Garrulus",merge
01-ai/Yi-1.5-9B,,source
01-ai/Yi-34B,,source
01-ai/Yi-6B,,source
01-ai/Yi-9B,,source
01-ai/Yi-Coder-1.5B,,source
01-ai/Yi-Coder-9B,,source
albert/albert-base-v2,,source
allenai/longformer-base-4096,,source
allenai/OLMo-2-1124-7B,,source
amazon/chronos-bolt-small,,source
amazon/chronos-t5-small,,source
answerdotai/ModernBERT-base,,source
answerdotai/ModernBERT-large,,source
apple/OpenELM-1_1B-Instruct,,source
aubmindlab/bert-base-arabertv02,,source
autogluon/chronos-bolt-base,,source
autogluon/chronos-t5-tiny,,source
BAAI/bge-m3,,source
BAAI/bge-small-en-v1.5,,source
bigcode/starcoder2-15b,,source
bigcode/starcoder2-3b,,source
bigscience/bloom,,source
bigscience/bloom-1b7,,source
black-forest-labs/FLUX.1-dev,,source
Bllossom/llama-3.2-Korean-Bllossom-3B,,source
BridgeTower/bridgetower-large-itm-mlm-itc,,source
CohereForAI/aya-expanse-8b,,source
CohereForAI/c4ai-command-r-v01,,source
cross-encoder/ms-marco-MiniLM-L-6-v2,,source
dbmdz/bert-base-turkish-cased,,source
dccuchile/bert-base-spanish-wwm-cased,,source
dccuchile/bert-base-spanish-wwm-uncased,,source
deepseek-ai/deepseek-coder-1.3b-base,,source
deepseek-ai/DeepSeek-V3,,source
deepset/gbert-base,,source
distilbert/distilbert-base-cased,,source
distilbert/distilbert-base-multilingual-cased,,source
distilbert/distilbert-base-uncased,,source
distilbert/distilgpt2,,source
distilbert/distilroberta-base,,source
EleutherAI/gpt-j-6b,,source
EleutherAI/gpt-neo-125m,,source
EleutherAI/polyglot-ko-5.8b,,source
EleutherAI/pythia-160m,,source
EleutherAI/pythia-160m-deduped,,source
EleutherAI/pythia-1b,,source
EleutherAI/pythia-1b-deduped,,source
EleutherAI/pythia-410m,,source
EleutherAI/pythia-410m-deduped,,source
EleutherAI/pythia-70m,,source
EleutherAI/pythia-70m-deduped,,source
facebook/bart-base,,source
facebook/bart-large,,source
facebook/bart-large-cnn,,source
facebook/bart-large-xsum,,source
facebook/detr-resnet-50,,source
facebook/dinov2-base,,source
facebook/dinov2-large,,source
facebook/fasttext-language-identification,,source
facebook/m2m100_418M,,source
facebook/mbart-large-50,,source
facebook/nllb-200-distilled-600M,,source
facebook/opt-125m,,source
facebook/opt-350m,,source
facebook/timesformer-base-finetuned-k400,,source
facebook/w2v-bert-2.0,,source
facebook/wav2vec2-base,,source
facebook/wav2vec2-base-960h,,source
facebook/wav2vec2-large-xlsr-53,,source
facebook/wav2vec2-xls-r-1b,,source
facebook/wav2vec2-xls-r-300m,,source
FacebookAI/roberta-base,,source
FacebookAI/roberta-large,,source
FacebookAI/xlm-roberta-base,,source
FacebookAI/xlm-roberta-large,,source
google-bert/bert-base-cased,,source
google-bert/bert-base-chinese,,source
google-bert/bert-base-german-cased,,source
google-bert/bert-base-multilingual-cased,,source
google-bert/bert-base-multilingual-uncased,,source
google-bert/bert-base-uncased,,source
google-bert/bert-large-cased,,source
google-bert/bert-large-uncased,,source
google-t5/t5-base,,source
google-t5/t5-large,,source
google-t5/t5-small,,source
google/bert_uncased_L-2_H-128_A-2,,source
google/electra-base-discriminator,,source
google/fnet-base,,source
google/gemma-2-27b,,source
google/gemma-2-2b,,source
google/gemma-2-9b,,source
google/gemma-2b,,source
google/gemma-7b,,source
google/mt5-base,,source
google/mt5-small,,source
google/siglip-so400m-patch14-384,,source
google/t5-v1_1-large,,source
google/vit-base-patch16-224,,source
google/vit-base-patch16-224-in21k,,source
google/vit-large-patch16-224,,source
h2oai/h2o-danube3-500m-base,,source
hfl/chinese-roberta-wwm-ext,,source
HuggingFaceTB/SmolLM-1.7B,,source
HuggingFaceTB/SmolLM-135M,,source
HuggingFaceTB/SmolLM-360M,,source
HuggingFaceTB/SmolLM2-1.7B,,source
HuggingFaceTB/SmolLM2-135M,,source
HuggingFaceTB/SmolLM2-360M,,source
indolem/indobert-base-uncased,,source
internlm/internlm2_5-7b-chat,,source
klue/roberta-base,,source
klue/roberta-large,,source
laurievb/OpenLID-v2,,source
llm-jp/llm-jp-3-13b,,source
LumiOpen/Viking-7B,,source
MCG-NJU/videomae-base,,source
meta-llama/CodeLlama-7b-hf,,source
meta-llama/Llama-2-7b,,source
meta-llama/Llama-3.1-405B,,source
meta-llama/Llama-3.1-70B,,source
meta-llama/Llama-3.1-8B,,source
meta-llama/Llama-3.2-1B,,source
meta-llama/Llama-3.2-3B,,source
meta-llama/Meta-Llama-3-70B,,source
meta-llama/Meta-Llama-3-8B,,source
microsoft/BiomedNLP-BiomedBERT-base-uncased-abstract-fulltext,,source
microsoft/deberta-base,,source
microsoft/deberta-v3-base,,source
microsoft/deberta-v3-large,,source
microsoft/deberta-v3-small,,source
microsoft/deberta-v3-xsmall,,source
microsoft/infoxlm-large,,source
microsoft/layoutlm-base-uncased,,source
microsoft/layoutlmv3-base,,source
microsoft/mdeberta-v3-base,,source
microsoft/mpnet-base,,source
microsoft/phi-1_5,,source
microsoft/phi-2,,source
microsoft/Phi-3-mini-4k-instruct,,source
microsoft/Phi-3.5-mini-instruct,,source
microsoft/phi-4,,source
microsoft/resnet-50,,source
microsoft/swin-tiny-patch4-window7-224,,source
mistralai/Codestral-22B-v0.1,,source
mistralai/Ministral-8B-Instruct-2410,,source
mistralai/Mistral-7B-v0.1,,source
mistralai/Mistral-Large-Instruct-2407,,source
mistralai/Mistral-Nemo-Base-2407,,source
mistralai/Mistral-Small-Instruct-2409,,source
mistralai/Mixtral-8x22B-v0.1,,source
mistralai/Mixtral-8x7B-v0.1,,source
MIT/ast-finetuned-audioset-10-10-0.4593,,source
naver-clova-ix/donut-base,,source
neuralmind/bert-base-portuguese-cased,,source
ntu-spml/distilhubert,,source
openai-community/gpt2,,source
openai-community/gpt2-large,,source
openai-community/gpt2-medium,,source
openai-community/gpt2-xl,,source
openai/clip-vit-base-patch16,,source
openai/clip-vit-base-patch32,,source
openai/clip-vit-large-patch14,,source
openai/clip-vit-large-patch14-336,,source
openai/whisper-base,,source
openai/whisper-base.en,,source
openai/whisper-large,,source
openai/whisper-large-v2,,source
openai/whisper-large-v3,,source
openai/whisper-medium,,source
openai/whisper-small,,source
openai/whisper-tiny,,source
OpenGVLab/InternViT-300M-448px,,source
openlm-research/open_llama_3b,,source
openlm-research/open_llama_3b_v2,,source
prajjwal1/bert-tiny,,source
pyannote/segmentation-3.0,,source
pyannote/wespeaker-voxceleb-resnet34-LM,,source
Qwen/Qwen1.5-0.5B,,source
Qwen/Qwen1.5-1.8B,,source
Qwen/Qwen1.5-4B,,source
Qwen/Qwen1.5-7B,,source
Qwen/Qwen2-0.5B,,source
Qwen/Qwen2-1.5B,,source
Qwen/Qwen2-72B,,source
Qwen/Qwen2-7B,,source
Qwen/Qwen2-VL-2B,,source
Qwen/Qwen2-VL-72B,,source
Qwen/Qwen2-VL-7B,,source
Qwen/Qwen2.5-0.5B,,source
Qwen/Qwen2.5-1.5B,,source
Qwen/Qwen2.5-14B,,source
Qwen/Qwen2.5-32B,,source
Qwen/Qwen2.5-3B,,source
Qwen/Qwen2.5-72B,,source
Qwen/Qwen2.5-7B,,source
Rostlab/prot_t5_xl_uniref50,,source
Salesforce/codegen-350M-mono,,source
Salesforce/codet5-small,,source
Salesforce/moirai-1.0-R-base,,source
smallcloudai/Refact-1_6B-fim,,source
stabilityai/stable-diffusion-3-medium,,source
stabilityai/stable-diffusion-xl-base-1.0,,source
stabilityai/stablelm-3b-4e1t,,source
thenlper/gte-base,,source
thenlper/gte-large,,source
thenlper/gte-small,,source
tiiuae/falcon-11B,,source
tiiuae/falcon-7b,,source
tiiuae/falcon-mamba-7b,,source
tiiuae/falcon-rw-1b,,source
tiiuae/Falcon3-10B-Base,,source
tiiuae/Falcon3-1B-Base,,source
tiiuae/Falcon3-7B-Base,,source
timm/inception_v3.tv_in1k,,source
timm/mobilenetv3_small_100.lamb_in1k,,source
timm/resnet18.a1_in1k,,source
timm/resnet50.a1_in1k,,source
TinyLlama/TinyLlama_v1.1,,source
tohoku-nlp/bert-base-japanese-v3,,source
upstage/SOLAR-10.7B-v1.0,,source
VietAI/vit5-large,,source
vinai/phobert-base-v2,,source
WinKawaks/vit-tiny-patch16-224,,source
sapienzanlp/Minerva-3B-base-v1.0,,source
Abdo36/MentalLORALLAMA3,,unknown
ai-forever/sbert_large_nlu_ru,,unknown
ai4bharat/indic-bert,,unknown
allenai/longformer-base-4096,,unknown
almanach/camembert-base,,unknown
alpindale/Llama-3.2-3B-Instruct,,unknown
appvoid/arco,,unknown
appvoid/arco-2,,unknown
appvoid/palmer-003,,unknown
arlineka/KittyNyanster-v1,,unknown
AstraliteHeart/pony-diffusion-v6,,unknown
autogluon/chronos-bolt-small,,unknown
axolotl-ai-co/romulus-mistral-nemo-12b-simpo,,unknown
BAAI/bge-base-en-v1.5,,unknown
BAAI/bge-base-en-v1.5,,unknown
BAAI/bge-large-en-v1.5,,unknown
BAAI/bge-large-zh-v1.5,,unknown
BAAI/bge-m3,,unknown
BAAI/bge-reranker-base,,unknown
BAAI/bge-reranker-large,,unknown
BAAI/bge-reranker-v2-m3,,unknown
BAAI/bge-small-en-v1.5,,unknown
Bakanayatsu/Pony-Diffusion-V6-XL-for-Anime,,unknown
BarryFutureman/WildMarcoroni-Variant1-7B,,unknown
Bingsu/adetailer,,unknown
Bingsu/yolo-world-mirror,,unknown
black-forest-labs/FLUX.1-schnell,,unknown
black-forest-labs/FLUX.1-schnell,,unknown
ByteDance/AnimateDiff-Lightning,,unknown
cardiffnlp/twitter-roberta-base-sentiment,,unknown
cardiffnlp/twitter-roberta-base-sentiment-latest,,unknown
cardiffnlp/twitter-xlm-roberta-base-sentiment,,unknown
cgato/L3-TheSpice-8b-v0.8.3,,unknown
cgato/TheSpice-7b-v0.1.1,,unknown
ChaoticNeutrals/Domain-Fusion-L3-8B,,unknown
ChaoticNeutrals/Eris_Remix_7B,,unknown
ChaoticNeutrals/Hathor_RP-v.01-L3-8B,,unknown
ChaoticNeutrals/Poppy_Porpoise-1.4-L3-8B,,unknown
charactr/vocos-mel-24khz,,unknown
cloudyu/Meta-Llama-3-8B-Instruct-DPO,,unknown
colbert-ir/colbertv2.0,,unknown
CompVis/stable-diffusion-v1-4,,unknown
conjuncts/ditr-e15,,unknown
coqui/XTTS-v2,,unknown
crestf411/L3.1-8B-sunfall-v0.6.1-dpo,,unknown
cross-encoder/ms-marco-MiniLM-L-4-v2,,unknown
cross-encoder/ms-marco-TinyBERT-L-2-v2,,unknown
CultriX/SeQwence-14B,,unknown
Darkknight535/MS-Moonlight-22B-v3,,unknown
DavidAU/L3.1-Dark-Planet-SpinFire-Uncensored-8B,,unknown
DavidAU/MN-GRAND-Gutenberg-Lyra4-Lyra-12B-DARKNESS,,unknown
DavidAU/MN-GRAND-Gutenberg-Lyra4-Lyra-12B-MADNESS,,unknown
dbmdz/bert-large-cased-finetuned-conll03-english,,unknown
deepseek-ai/DeepSeek-R1,,unknown
dmis-lab/biobert-base-cased-v1.1,,unknown
dmis-lab/biobert-v1.1,,unknown
dreamgen-preview/opus-v1.2-llama-3-8b-instruct-run3.5-epoch2.5,,unknown
dslim/bert-base-NER,,unknown
EleutherAI/pythia-14m,,unknown
EleutherAI/pythia-31m,,unknown
emilyalsentzer/Bio_ClinicalBERT,,unknown
Endevor/InfinityRP-v1-7B,,unknown
Endevor/InfinityRP-v2-8B,,unknown
EonNextPlatform/pyannote-wespeaker-voxceleb-resnet34-LM,,unknown
EonNextPlatform/segmentation-3.0,,unknown
Epiculous/Fett-uccine-7B,,unknown
Equall/Saul-7B-Base,,unknown
facebook/encodec_24khz,,unknown
facebook/esm2_t12_35M_UR50D,,unknown
facebook/esm2_t30_150M_UR50D,,unknown
facebook/esm2_t33_650M_UR50D,,unknown
facebook/esm2_t36_3B_UR50D,,unknown
facebook/esm2_t6_8M_UR50D,,unknown
facebook/esmfold_v1,,unknown
facebook/musicgen-medium,,unknown
facebook/roberta-hate-speech-dynabench-r4-target,,unknown
fblgit/UNA-TheBeagle-7b-v1,,unknown
FelixChao/Sectumsempra-7B-DPO,,unknown
Fizzarolli/MN-12b-Rosier-v1,,unknown
flair/ner-english-fast,,unknown
ggml-org/models,,unknown
google-t5/t5-11b,,unknown
google/byt5-small,,unknown
google/electra-small-discriminator,,unknown
google/owlv2-base-patch16-ensemble,,unknown
google/owlvit-base-patch32,,unknown
google/pegasus-cnn_dailymail,,unknown
google/vit-hybrid-base-bit-384,,unknown
google/vivit-b-16x2-kinetics400,,unknown
happzy2633/qwen2.5-7b-ins-v3,,unknown
Helsinki-NLP/opus-mt-es-en,,unknown
Henrychur/MMed-Llama-3-8B,,unknown
hf-100/Llama-3-Spellbound-Instruct-8B-0.3,,unknown
HuggingFaceM4/siglip-so400m-14-384,,unknown
huggyllama/llama-7b,,unknown
hustvl/vitmatte-small-composition-1k,,unknown
Hypersniper/The_Philosopher_Zephyr_7B,,unknown
ibm-granite/granite-3b-code-base-2k,,unknown
ibm-granite/granite-8b-code-base-4k,,unknown
ibm-granite/granite-timeseries-ttm-r1,,unknown
ifable/gemma-2-Ifable-9B,,unknown
intfloat/e5-large-v2,,unknown
ionet-official/bc8-alpha,,unknown
JackFram/llama-160m,,unknown
JackFram/llama-68m,,unknown
jeiku/Alpaca_NSFW_Shuffled_Mistral,,unknown
jeiku/Futadom_Mistral,,unknown
jeiku/Gnosis_Reformatted_Mistral,,unknown
jeiku/Humiliation_Mistral,,unknown
jinaai/jina-embeddings-v2-small-en,,unknown
jinaai/jina-embeddings-v3,,unknown
katuni4ka/tiny-random-phi3,,unknown
KBlueLeaf/kohaku-xl-beta5,,unknown
KoboldAI/Mistral-7B-Erebus-v3,,unknown
kresnik/wav2vec2-large-xlsr-korean,,unknown
l3utterfly/mistral-7b-v0.1-layla-v4,,unknown
laion/CLIP-ViT-B-16-laion2B-s34B-b88K,,unknown
laion/CLIP-ViT-B-32-laion2B-s34B-b79K,,unknown
laion/CLIP-ViT-bigG-14-laion2B-39B-b160k,,unknown
laion/CLIP-ViT-H-14-laion2B-s32B-b79K,,unknown
lengyue233/content-vec-best,,unknown
LeroyDyer/LCARS_AI_StarTrek_Computer,,unknown
liminerity/Phigments12,,unknown
llava-hf/llava-onevision-qwen2-7b-ov-hf,,unknown
lmsys/vicuna-7b-v1.3,,unknown
lodrick-the-lafted/Olethros-8B,,unknown
lucadiliello/BLEURT-20-D12,,unknown
lxyuan/distilbert-base-multilingual-cased-sentiments-student,,unknown
MahmoudAshraf/mms-300m-1130-forced-aligner,,unknown
mangoapps/fb_zeroshot_mnli_onnx,,unknown
maywell/Qwen2-7B-Multilingual-RP,,unknown
MaziyarPanahi/Calme-7B-Instruct-v0.1,,unknown
MaziyarPanahi/Calme-7B-Instruct-v0.9,,unknown
MCG-NJU/videomae-base-finetuned-kinetics,,unknown
microsoft/beit-base-patch16-224-pt22k-ft22k,,unknown
microsoft/beit-base-patch16-224-pt22k-ft22k,,unknown
microsoft/Phi-3-medium-128k-instruct,,unknown
microsoft/Phi-3-mini-128k-instruct,,unknown
microsoft/table-transformer-detection,,unknown
microsoft/table-transformer-structure-recognition,,unknown
microsoft/wavlm-base-plus,,unknown
microsoft/wavlm-base-plus-sd,,unknown
mistral-community/Mistral-7B-v0.2,,unknown
mistralai/Mathstral-7B-v0.1,,unknown
mistralai/Mistral-7B-Instruct-v0.2,,unknown
mistralai/Mistral-Large-Instruct-2411,,unknown
mixedbread-ai/mxbai-embed-large-v1,,unknown
mlabonne/Meta-Llama-3.1-8B-Instruct-abliterated,,unknown
MTSAIR/multi_verse_model,,unknown
nateraw/vit-age-classifier,,unknown
netcat420/MFANNv0.19,,unknown
NeverSleep/Noromaid-7B-0.4-DPO,,unknown
Nitral-AI/Hathor_Sofit-L3-8B-v1,,unknown
Nitral-AI/Hathor_Stable-v0.2-L3-8B,,unknown
Nitral-AI/KukulStanta-7B,,unknown
nlpconnect/vit-gpt2-image-captioning,,unknown
nvidia/Mistral-NeMo-Minitron-8B-Base,,unknown
nvidia/mit-b0,,unknown
opensearch-project/opensearch-neural-sparse-encoding-doc-v2-distill,,unknown
owkin/phikon,,unknown
Patcas/plbart-works,,unknown
peft-internal-testing/tiny-dummy-qwen2,,unknown
prithivida/parrot_paraphraser_on_T5,,unknown
ProbeMedicalYonseiMAILab/medllama3-v20,,unknown
ProsusAI/finbert,,unknown
prs-eth/marigold-normals-lcm-v0-1,,unknown
pyannote/segmentation,,unknown
recoilme/Gemma-2-Ataraxy-Gemmasutra-9B-slerp,,unknown
recoilme/recoilme-gemma-2-9B-v0.3,,unknown
recoilme/recoilme-gemma-2-9B-v0.4,,unknown
ResplendentAI/Aura_Llama3,,unknown
ResplendentAI/Datura_7B,,unknown
ResplendentAI/Luna_Llama3,,unknown
ResplendentAI/Nymph_8B,,unknown
ResplendentAI/Smarts_Llama3,,unknown
Salesforce/blip-image-captioning-base,,unknown
Salesforce/blip-image-captioning-large,,unknown
SanjiWatsuki/Kunoichi-DPO-v2-7B,,unknown
Sao10K/Fimbulvetr-11B-v2,,unknown
Sao10K/L3-70B-Euryale-v2.1,,unknown
Sao10K/L3-8B-Niitama-v1,,unknown
Sao10K/L3-8B-Stheno-v3.2,,unknown
Sao10K/L3-8B-Tamamo-v1,,unknown
Sao10K/L3.1-8B-Niitama-v1.1,,unknown
Sao10K/MN-12B-Lyra-v1,,unknown
sentence-transformers/bert-base-nli-mean-tokens,,unknown
sentence-transformers/multi-qa-mpnet-base-dot-v1,,unknown
sentence-transformers/paraphrase-MiniLM-L6-v2,,unknown
sentence-transformers/paraphrase-mpnet-base-v2,,unknown
sentence-transformers/paraphrase-mpnet-base-v2,,unknown
sentence-transformers/paraphrase-multilingual-MiniLM-L12-v2,,unknown
sentence-transformers/paraphrase-multilingual-MiniLM-L12-v2,,unknown
sentence-transformers/paraphrase-multilingual-mpnet-base-v2,,unknown
sentence-transformers/paraphrase-multilingual-mpnet-base-v2,,unknown
smelborp/MixtralOrochi8x7B,,unknown
speakleash/Bielik-11B-v2,,unknown
speechbrain/spkrec-ecapa-voxceleb,,unknown
stabilityai/stable-diffusion-xl-refiner-1.0,,unknown
stable-diffusion-v1-5/stable-diffusion-v1-5,,unknown
SWivid/F5-TTS,,unknown
TheDrummer/Cydonia-22B-v1.1,,unknown
TheDrummer/Cydonia-22B-v1.2,,unknown
TheDrummer/Cydonia-22B-v1.3,,unknown
TheDrummer/Llama-3SOME-8B-v2,,unknown
TheDrummer/Rocinante-12B-v1,,unknown
TheDrummer/Rocinante-12B-v1.1,,unknown
TheDrummer/UnslopNemo-12B-v4.1,,unknown
TinyLlama/TinyLlama-1.1B-intermediate-step-1431k-3T,,unknown
TinyPixel/Llama-2-7B-bf16-sharded,,unknown
tohoku-nlp/bert-base-japanese,,unknown
trl-internal-testing/tiny-Qwen2ForCausalLM-2.5,,unknown
trl-internal-testing/tiny-random-LlamaForCausalLM,,unknown
trl-internal-testing/tiny-T5ForConditionalGeneration,,unknown
TroyDoesAI/BlackSheep-Llama3.2-3B,,unknown
turboderp/Cat-Llama-3-70B-instruct,,unknown
TurkuNLP/eccobert-base-cased-v1,,unknown
Undi95/LocalC-12B-e2.0,,unknown
unsloth/mistral-7b-v0.2,,unknown
unsloth/mistral-7b-v0.2-bnb-4bit,,unknown
unsloth/tinyllama,,unknown
unsloth/tinyllama-bnb-4bit,,unknown
unsloth/tinyllama-chat-bnb-4bit,,unknown
unsloth/zephyr-sft-bnb-4bit,,unknown
unslothai/1,,unknown
unslothai/aws,,unknown
unslothai/lambda,,unknown
unslothai/other,,unknown
unslothai/repeat,,unknown
unslothai/vram-24,,unknown
uygarkurt/llama-3-merged-linear,,unknown
vanillaOVO/correction_1,,unknown
vanillaOVO/supermario_v2,,unknown
vanillaOVO/supermario_v4,,unknown
vicgalle/Roleplay-Llama-3-8B,,unknown
VietAI/vit5-base,,unknown
vihangd/DopeyTinyLlama-1.1B-v1,,unknown
vikp/surya_rec2,,unknown
vikp/texify,,unknown
WhereIsAI/UAE-Large-V1,,unknown
WhiteRabbitNeo/Llama-3-WhiteRabbitNeo-8B-v2.0,,unknown
WizardLMTeam/WizardMath-7B-V1.1,,unknown
yam-peleg/Experiment21-7B,,unknown
yam-peleg/Experiment24-7B,,unknown
yam-peleg/Experiment26-7B,,unknown
yam-peleg/Experiment27-7B,,unknown
yam-peleg/Experiment28-7B,,unknown
yam-peleg/Experiment29-7B,,unknown
ybelkada/tiny-random-T5ForConditionalGeneration-calibrated,,unknown
yihongLiu/furina,,unknown
YituTech/conv-bert-base,,unknown
Yntec/GameIcons3D,,unknown
DigitalSouls/BlackSheep-DigitalSoul-22B,,unknown
0-hero/Matter-0.1-Slim-7B-C-DPO,,unknown
4bit/Mistral-7B-Instruct-v0.1,,unknown
AIdenU/Mistral-7b-ko-Y24-DPO_v0.1,,unknown
aifeifei798/llama3-8B-DarkIdol-2.2-Uncensored-1048K,,unknown
aifeifei798/llama3-8B-DarkIdol-2.3-Uncensored-32K,,unknown
ajibawa-2023/Code-Llama-3-8B,,unknown
ajibawa-2023/Code-Mistral-7B,,unknown
akjindal53244/Mistral-7B-v0.1-Open-Platypus,,unknown
alexxi19/ft-v1,,unknown
01-ai/Yi-1.5-34B-Chat,01-ai/Yi-1.5-34B,unknown_annotated
01-ai/Yi-1.5-6B-Chat,01-ai/Yi-1.5-6B,unknown_annotated
01-ai/Yi-1.5-9B-Chat,01-ai/Yi-1.5-9B,unknown_annotated
01-ai/Yi-1.5-9B-Chat-16K,01-ai/Yi-1.5-9B-Chat,unknown_annotated
152334H/miqu-1-70b-sf,miqudev/miqu-1-70b,unknown_annotated
abacusai/Llama-3-Smaug-8B,meta-llama/Meta-Llama-3-8B-Instruct,unknown_annotated
AIDC-AI/Marco-o1,Qwen/Qwen2-7B-Instruct,unknown_annotated
aifeifei798/DarkIdol-Llama-3.1-8B-Instruct-1.2-Uncensored,meta-llama/Llama-3.1-8B-Instruct,unknown_annotated
AiMavenAi/AiMaven-Prometheus,flemmingmiguel/MBX-7B-v3,unknown_annotated
Alibaba-NLP/gte-large-en-v1.5,Alibaba-NLP/new-impl,unknown_annotated
Alibaba-NLP/gte-Qwen1.5-7B-instruct,Qwen/Qwen1.5-7B,unknown_annotated
aloobun/Reyna-Mini-1.8B-v0.1,Qwen/Qwen1.5-1.8B-Chat,unknown_annotated
aloobun/Reyna-Mini-1.8B-v0.2,Qwen/Qwen1.5-1.8B-Chat,unknown_annotated
anthracite-org/magnum-v4-12b,mistralai/Mistral-Nemo-Instruct-2407,unknown_annotated
anthracite-org/magnum-v4-22b,mistralai/Mistral-Small-Instruct-2409,unknown_annotated
Arc53/docsgpt-7b-mistral,HuggingFaceH4/zephyr-7b-beta,unknown_annotated
argilla/distilabeled-OpenHermes-2.5-Mistral-7B,teknium/OpenHermes-2.5-Mistral-7B,unknown_annotated
ArliAI/Llama-3-8B-ArliAI-Formax-v1.0,failspy/Meta-Llama-3-8B-Instruct-abliterated-v3,unknown_annotated
ArliAI/Llama-3.1-8B-ArliAI-Formax-v1.0,meta-llama/Llama-3.1-8B-Instruct,unknown_annotated
ArliAI/Llama-3.1-8B-ArliAI-RPMax-v1.1,meta-llama/Llama-3.1-8B,unknown_annotated
ArliAI/Llama-3.1-8B-ArliAI-RPMax-v1.3,meta-llama/Llama-3.1-8B-Instruct,unknown_annotated
ArliAI/Mistral-Nemo-12B-ArliAI-RPMax-v1.1,mistralai/Mistral-Nemo-Instruct-2407,unknown_annotated
ArliAI/Mistral-Nemo-12B-ArliAI-RPMax-v1.2,mistralai/Mistral-Nemo-Instruct-2407,unknown_annotated
ArliAI/Mistral-Small-22B-ArliAI-RPMax-v1.1,mistralai/Mistral-Small-Instruct-2409,unknown_annotated
ArliAI/Phi-3.5-mini-3.8B-ArliAI-RPMax-v1.1,microsoft/Phi-3.5-mini-instruct,unknown_annotated
Aryanne/Astridboros-3B,"PAIXAI/Astrid-3B,jondurbin/airoboros-3b-3p0",unknown_annotated
avsolatorio/GIST-all-MiniLM-L6-v2,sentence-transformers/all-MiniLM-L6-v2,unknown_annotated
avsolatorio/GIST-Embedding-v0,BAAI/bge-base-en-v1.5,unknown_annotated
avsolatorio/GIST-large-Embedding-v0,BAAI/bge-large-en-v1.5,unknown_annotated
avsolatorio/GIST-small-Embedding-v0,BAAI/bge-small-en-v1.5,unknown_annotated
Ayush-1722/Meta-Llama-3-8B-Instruct-Summarize-v0.2-24K-LoRANET-Merged,meta-llama/Meta-Llama-3-8B-Instruct,unknown_annotated
Azure99/blossom-v5-llama3-8b,meta-llama/Meta-Llama-3-8B,unknown_annotated
bardsai/jaskier-7b-dpo-v5.6,paulml/OGNO-7B,unknown_annotated
bardsai/jaskier-7b-dpo-v6.1,bardsai/jaskier-7b-dpo-v5.6 ,unknown_annotated
BatsResearch/bonito-v1,mistralai/Mistral-7B-v0.1,unknown_annotated
beomi/Llama-3-Open-Ko-8B,meta-llama/Meta-Llama-3-8B,unknown_annotated
beomi/Llama-3-Open-Ko-8B-Instruct-preview,meta-llama/Meta-Llama-3-8B,unknown_annotated
beowolx/CodeNinja-1.0-OpenChat-7B,openchat/openchat-3.5-1210,unknown_annotated
beowolx/CodeNinja-1.0-OpenChat-7B-GGUF,beowolx/CodeNinja-1.0-OpenChat-7B,unknown_annotated
berkeley-nest/Starling-LM-7B-alpha,openchat/openchat_3.5,unknown_annotated
BioMistral/BioMistral-7B,mistralai/Mistral-7B-Instruct-v0.1,unknown_annotated
Blackroot/Llama-3-8B-Abomination-LORA,meta-llama/Meta-Llama-3-8B-Instruct,unknown_annotated
Blackroot/Llama-3-LongStory-LORA,meta-llama/Meta-Llama-3-8B-Instruct,unknown_annotated
Blackroot/Llama3-RP-Lora,meta-llama/Meta-Llama-3-8B,unknown_annotated
bunnycore/Llama-3.2-3B-Code-lora_model,unsloth/llama-3.2-3b-instruct-bnb-4bit,unknown_annotated
bunnycore/Llama-3.2-3B-General-lora_model,unsloth/llama-3.2-3b-instruct-bnb-4bit,unknown_annotated
bunnycore/Llama-3.2-3B-Long-Think-lora_model,unsloth/llama-3.2-3b-instruct-bnb-4bit,unknown_annotated
bunnycore/Llama-3.2-3b-lora_model,unsloth/llama-3.2-3b-instruct-bnb-4bit,unknown_annotated
bunnycore/Llama-3.2-3B-science-lora_model,unsloth/llama-3.2-3b-instruct-bnb-4bit,unknown_annotated
bunnycore/Qwen-2.1-7b-Persona-lora_model,unsloth/qwen2.5-7b-instruct-bnb-4bit,unknown_annotated
cagliostrolab/animagine-xl-3.1,cagliostrolab/animagine-xl-3.0,unknown_annotated
cambridgeltl/SapBERT-from-PubMedBERT-fulltext,microsoft/BiomedNLP-BiomedBERT-base-uncased-abstract-fulltext,unknown_annotated
cardiffnlp/twitter-xlm-roberta-base-sentiment-multilingual,cardiffnlp/twitter-xlm-roberta-base,unknown_annotated
Chainbase-Labs/Theia-Llama-3.1-8B-v1,meta-llama/Llama-3.1-8B,unknown_annotated
ChaoticNeutrals/Poppy_Porpoise-1.0-L3-8B,meta-llama/Meta-Llama-3-8B,unknown_annotated
ChaoticNeutrals/T-900-8B,ChaoticNeutrals/T-850-8B,unknown_annotated
chargoddard/prometheus-2-llama-3-8b,meta-llama/Meta-Llama-3-8B-Instruct,unknown_annotated
chuanli11/Llama-3.2-3B-Instruct-uncensored,meta-llama/Llama-3.2-3B-Instruct,unknown_annotated
CIDAS/clipseg-rd64-refined,openai/clip-vit-base-patch16,unknown_annotated
cloudyu/google-gemma-7b-chinese-sft-v1,google/gemma-7b,unknown_annotated
codellama/CodeLlama-13b-Instruct-hf,meta-llama/CodeLlama-13b-Instruct-hf,unknown_annotated
codellama/CodeLlama-7b-hf,meta-llama/CodeLlama-7b-hf,unknown_annotated
codellama/CodeLlama-7b-Instruct-hf,meta-llama/CodeLlama-7b-Instruct-hf,unknown_annotated
cognitivecomputations/dolphin-2.1-mistral-7b,mistralai/Mistral-7B-v0.1,unknown_annotated
cognitivecomputations/dolphin-2.6-mistral-7b-dpo-laser,mistralai/Mistral-7B-v0.1,unknown_annotated
cognitivecomputations/dolphin-2.8-experiment26-7b,yam-peleg/Experiment26-7B,unknown_annotated
cognitivecomputations/Llama-3-8B-Instruct-abliterated-v2,meta-llama/Meta-Llama-3-8B-Instruct,unknown_annotated
cognitivecomputations/samantha-1.1-westlake-7b,senseable/Westlake-7B,unknown_annotated
cognitivecomputations/samantha-1.2-mistral-7b,mistralai/Mistral-7B-v0.1,unknown_annotated
cognitivecomputations/WestLake-7B-v2-laser,senseable/WestLake-7B-v2,unknown_annotated
CohereForAI/c4ai-command-r-v01-4bit,CohereForAI/c4ai-command-r-v01,unknown_annotated
cointegrated/rubert-tiny2,cointegrated/rubert-tiny,unknown_annotated
CompVis/stable-diffusion-safety-checker,openai/clip-vit-large-patch14,unknown_annotated
CompVis/stable-diffusion-v1-2,CompVis/stable-diffusion-v1-1,unknown_annotated
CompVis/stable-diffusion-v1-3,CompVis/stable-diffusion-v1-2,unknown_annotated
CompVis/stable-diffusion-v1-4,CompVis/stable-diffusion-v1-2,unknown_annotated
cookinai/CatMacaroni-Slerp,rishiraj/CatPPT-base,unknown_annotated
CorticalStack/pastiche-crown-clown-7b-dare-dpo,CorticalStack/pastiche-crown-clown-7b-dare,unknown_annotated
crestf411/gemma2-9B-sunfall-v0.5.2,google/gemma-2-9b-it,unknown_annotated
crestf411/nemo-sunfall-v0.6.1,mistralai/Mistral-Nemo-Instruct-2407,unknown_annotated
Danielbrdz/Barcenas-Llama3-8b-ORPO,VAGOsolutions/Llama-3-SauerkrautLM-8b-Instruct,unknown_annotated
databricks/dolly-v2-3b,EleutherAI/pythia-2.8b,unknown_annotated
davidkim205/Rhea-72b-v0.5,abacusai/Smaug-72B-v0.1,unknown_annotated
deepseek-ai/deepseek-coder-1.3b-instruct,deepseek-ai/deepseek-coder-1.3b-base,unknown_annotated
deepseek-ai/deepseek-coder-6.7b-instruct,deepseek-ai/deepseek-coder-6.7b-base,unknown_annotated
deepseek-ai/deepseek-math-7b-base,deepseek-ai/deepseek-coder-7b-base-v1.5,unknown_annotated
defog/llama-3-sqlcoder-8b,meta-llama/Meta-Llama-3-8B-Instruct,unknown_annotated
defog/sqlcoder-7b-2,meta-llama/CodeLlama-7b-hf,unknown_annotated
diffnamehard/Mistral-CatMacaroni-slerp-uncensored-7B,diffnamehard/Mistral-CatMacaroni-slerp-7B,unknown_annotated
digiplay/AbsoluteReality_v1.0_diffusers,runwayml/stable-diffusion-v1-5,unknown_annotated
digiplay/AbsoluteReality_v1.8.1,runwayml/stable-diffusion-v1-5,unknown_annotated
digiplay/AgainMix_v2.0,runwayml/stable-diffusion-v1-5,unknown_annotated
digiplay/AI-infinity-V1-fp16,runwayml/stable-diffusion-v1-5,unknown_annotated
digiplay/AnalogMadness-realistic-model-v4,runwayml/stable-diffusion-v1-5,unknown_annotated
digiplay/AnalogMadness-realistic-model-v5,runwayml/stable-diffusion-v1-5,unknown_annotated
digiplay/AnalogMadness-realistic-model-v6,runwayml/stable-diffusion-v1-5,unknown_annotated
digiplay/AnalogMadness-realistic-model-v7,runwayml/stable-diffusion-v1-5,unknown_annotated
digiplay/ARRealVX1.1,runwayml/stable-diffusion-v1-5,unknown_annotated
digiplay/AsianBrmBeautyrealmix_v2.0,runwayml/stable-diffusion-v1-5,unknown_annotated
digiplay/aurorafantasy_v1,runwayml/stable-diffusion-v1-5,unknown_annotated
digiplay/Blazarot_blazaroshi,runwayml/stable-diffusion-v1-5,unknown_annotated
digiplay/BreakDro_i1464,runwayml/stable-diffusion-v1-5,unknown_annotated
digiplay/calicomixreal_v2.0_diffusers,runwayml/stable-diffusion-v1-5,unknown_annotated
digiplay/chrysanthemumMix_v1,runwayml/stable-diffusion-v1-5,unknown_annotated
digiplay/CleanLinearMix_nsfw,runwayml/stable-diffusion-v1-5,unknown_annotated
digiplay/COCOtiFaMix_v2,runwayml/stable-diffusion-v1-5,unknown_annotated
digiplay/fCAnimeMix_v2,runwayml/stable-diffusion-v1-5,unknown_annotated
digiplay/fCAnimeMix_v4,runwayml/stable-diffusion-v1-5,unknown_annotated
digiplay/HadrianDelice_DeliceV1,runwayml/stable-diffusion-v1-5,unknown_annotated
digiplay/insaneRealistic_v1,runwayml/stable-diffusion-v1-5,unknown_annotated
digiplay/majicMIX_realistic_v1,runwayml/stable-diffusion-v1-5,unknown_annotated
digiplay/majicMIX_realistic_v5,runwayml/stable-diffusion-v1-5,unknown_annotated
digiplay/majicMIX_realistic_v6,runwayml/stable-diffusion-v1-5,unknown_annotated
digiplay/majicMIX_realistic_v7,runwayml/stable-diffusion-v1-5,unknown_annotated
digiplay/majicMIX_sombre_v2,runwayml/stable-diffusion-v1-5,unknown_annotated
digiplay/MengX_Mix_Real_v3,runwayml/stable-diffusion-v1-5,unknown_annotated
digiplay/MGM,runwayml/stable-diffusion-v1-5,unknown_annotated
digiplay/MilkyWonderland_v1,runwayml/stable-diffusion-v1-5,unknown_annotated
digiplay/NextPhoto_v1,runwayml/stable-diffusion-v1-5,unknown_annotated
digiplay/Noosphere_v4,runwayml/stable-diffusion-v1-5,unknown_annotated
digiplay/OnlyReal-Black-Mix,runwayml/stable-diffusion-v1-5,unknown_annotated
digiplay/Perfect_Gap_Blend_v1,runwayml/stable-diffusion-v1-5,unknown_annotated
digiplay/PerfectDeliberate-Anime_v2,runwayml/stable-diffusion-v1-5,unknown_annotated
digiplay/perfectlevel10,runwayml/stable-diffusion-v1-5,unknown_annotated
digiplay/perfectLewdFantasy_v1.01,runwayml/stable-diffusion-v1-5,unknown_annotated
digiplay/Photon_v1,runwayml/stable-diffusion-v1-5,unknown_annotated
digiplay/PolyMorphMix,runwayml/stable-diffusion-v1-5,unknown_annotated
digiplay/RealCartoon3D_v6,runwayml/stable-diffusion-v1-5,unknown_annotated
digiplay/Realisian_v6,runwayml/stable-diffusion-v1-5,unknown_annotated
digiplay/realspice_v2,runwayml/stable-diffusion-v1-5,unknown_annotated
digiplay/rRealism_v1.0_riiwa,runwayml/stable-diffusion-v1-5,unknown_annotated
digiplay/VoidnoiseCore_R0829,runwayml/stable-diffusion-v1-5,unknown_annotated
digiplay/xiaomeige_outlineColor_v10,runwayml/stable-diffusion-v1-5,unknown_annotated
digiplay/xxgSl526_v1,runwayml/stable-diffusion-v1-5,unknown_annotated
digiplay/ZHMix-Dramatic-v2.0,runwayml/stable-diffusion-v1-5,unknown_annotated
distilbert/distilbert-base-uncased-finetuned-sst-2-english,distilbert/distilbert-base-uncased,unknown_annotated
dmis-lab/biobert-large-cased-v1.1-squad,EleutherAI/gpt-neo-2.7B,unknown_annotated
dreamgen-preview/opus-v1.2-llama-3-8b-base-run3.4-epoch2,meta-llama/Meta-Llama-3-8B,unknown_annotated
DRXD1000/Phoenix-7B,LeoLM/leo-mistral-hessianai-7b,unknown_annotated
Edgerunners/Lyraea-large-llama-3.1,meta-llama/Llama-3.1-8B,unknown_annotated
Edgerunners/meta-llama-3-8b-instruct-hf-ortho-baukit-5fail-3000total-bf16,meta-llama/Meta-Llama-3-8B-Instruct,unknown_annotated
Elizezen/Antler-7B,stabilityai/japanese-stablelm-instruct-gamma-7b,unknown_annotated
Elizezen/Himeyuri-v0.1-12B,mistralai/Mistral-Nemo-Instruct-2407,unknown_annotated
elyza/Llama-3-ELYZA-JP-8B,meta-llama/Meta-Llama-3-8B-Instruct,unknown_annotated
Envoid/Mistral-Small-NovusKyver,mistralai/Mistral-Small-Instruct-2409,unknown_annotated
EonNextPlatform/faster-distil-whisper-large-v2,distil-whisper/distil-large-v2,unknown_annotated
Epiculous/Crimson_Dawn-v0.2,mistralai/Mistral-Nemo-Base-2407,unknown_annotated
eren23/dpo-binarized-NeuralTrix-7B,CultriX/NeuralTrix-7B-dpo,unknown_annotated
eren23/dpo-binarized-NeutrixOmnibe-7B,Kukedlc/NeuTrixOmniBe-7B-model-remix,unknown_annotated
eren23/ogno-monarch-jaskier-merge-7b-OH-PREF-DPO,eren23/ogno-monarch-jaskier-merge-7b,unknown_annotated
eren23/ogno-monarch-jaskier-merge-7b-OH-PREF-DPO-v2,eren23/ogno-monarch-jaskier-merge-7b-OH-PREF-DPO,unknown_annotated
facebook/bart-large-mnli,facebook/bart-large,unknown_annotated
facebook/hubert-large-ls960-ft,facebook/hubert-large-ll60k,unknown_annotated
facebook/mbart-large-50-many-to-many-mmt,facebook/mbart-large-50,unknown_annotated
facebook/mms-1b-all,facebook/mms-1b,unknown_annotated
FacebookAI/xlm-roberta-large-finetuned-conll03-english,FacebookAI/xlm-roberta-large-finetuned-conll03-english,unknown_annotated
failspy/llama-3-70B-Instruct-abliterated,meta-llama/Meta-Llama-3-70B-Instruct,unknown_annotated
failspy/Llama-3-8B-Instruct-MopeyMule,meta-llama/Meta-Llama-3-8B-Instruct,unknown_annotated
failspy/Meta-Llama-3-8B-Instruct-abliterated-v3,meta-llama/Meta-Llama-3-8B-Instruct,unknown_annotated
Falconsai/nsfw_image_detection,google/vit-base-patch16-224-in21k,unknown_annotated
fblgit/una-cybertron-7b-v2-bf16,mistralai/Mistral-7B-v0.1,unknown_annotated
flemmingmiguel/MBX-7B-v3,flemmingmiguel/MBX-7B,unknown_annotated
FPHam/L3-8B-Everything-COT,meta-llama/Meta-Llama-3-8B,unknown_annotated
FPHam/Sydney_Overthinker_13b_HF,FPHam/Free_Sydney_13b_HF,unknown_annotated
FuseAI/FuseChat-Llama-3.1-8B-Instruct,meta-llama/Meta-Llama-3-70B-Instruct,unknown_annotated
fxmarty/sshleifer-tiny-mbart-onnx,sshleifer/tiny-mbart,unknown_annotated
ghost-x/ghost-8b-beta,meta-llama/Meta-Llama-3-8B,unknown_annotated
gilf/french-camembert-postag-model,almanach/camembert-base,unknown_annotated
google/flan-t5-base,google/t5-v1_1-base,unknown_annotated
google/flan-t5-large,google/t5-v1_1-large,unknown_annotated
google/flan-t5-small,google/t5-v1_1-small,unknown_annotated
google/gemma-1.1-2b-it,google/gemma-2b,unknown_annotated
google/gemma-2b-it,google/gemma-2b,unknown_annotated
gradientai/Llama-3-8B-Instruct-262k,meta-llama/Meta-Llama-3-8B-Instruct,unknown_annotated
gradientai/Llama-3-8B-Instruct-Gradient-1048k,meta-llama/Meta-Llama-3-8B-Instruct,unknown_annotated
GreenNode/GreenNode-mini-7B-multilingual-v1olet,v1olet/v1olet_marcoroni-go-bruins-merge-7B,unknown_annotated
h2oai/h2o-danube3-500m-chat,h2oai/h2o-danube3-500m-base,unknown_annotated
hama-jp/gemma-2-27b,google/gemma-2-27b,unknown_annotated
harborwater/open-llama-3b-v2-wizard-evol-instuct-v2-196k,openlm-research/open_llama_3b_v2,unknown_annotated
Hastagaras/Jamet-8B-L3-MK.V-Blackroot,Blackroot/Llama-3-8B-Abomination-LORA,unknown_annotated
herisan/llama-3-8b_mental_health_counseling_conversations,meta-llama/Meta-Llama-3-8B,unknown_annotated
HPAI-BSC/Llama3-Aloe-8B-Alpha,meta-llama/Meta-Llama-3-8B,unknown_annotated
HuggingFaceM4/idefics2-8b,HuggingFaceM4/idefics2-8b-base,unknown_annotated
HuggingFaceTB/SmolLM2-360M-Instruct,HuggingFaceTB/SmolLM2-360M,unknown_annotated
ibivibiv/alpaca-dragon-72b-v1,abacusai/Smaug-72B-v0.1,unknown_annotated
IlyaGusev/gemma-2-9b-it-abliterated,google/gemma-2-9b-it,unknown_annotated
IlyaGusev/saiga_llama3_8b,meta-llama/Meta-Llama-3-8B-Instruct,unknown_annotated
IlyaGusev/saiga_nemo_12b,natong19/Mistral-Nemo-Instruct-2407-abliterated,unknown_annotated
InferenceIllusionist/SorcererLM-22B,rAIfle/SorcererLM-8x22b-bf16,unknown_annotated
intervitens/mini-magnum-12b-v1.1,mistralai/Mistral-Nemo-Base-2407,unknown_annotated
IntervitensInc/gemma-2-9b-chatml,google/gemma-2-9b,unknown_annotated
IntervitensInc/Llama-3.1-Minitron-4B-Width-Base-chatml,meta-llama/Llama-3.1-8B,unknown_annotated
IntervitensInc/Mistral-Nemo-Base-2407-chatml,mistralai/Mistral-Nemo-Base-2407,unknown_annotated
intfloat/e5-mistral-7b-instruct,mistralai/Mistral-7B-v0.1,unknown_annotated
intfloat/multilingual-e5-base,FacebookAI/xlm-roberta-base,unknown_annotated
intfloat/multilingual-e5-large,FacebookAI/xlm-roberta-large,unknown_annotated
intfloat/multilingual-e5-large-instruct,FacebookAI/xlm-roberta-large,unknown_annotated
intfloat/multilingual-e5-small,microsoft/Multilingual-MiniLM-L12-H384,unknown_annotated
invisietch/L3.1-EtherealRainbow-v1.0-rc1-8B,meta-llama/Llama-3.1-8B-Instruct,unknown_annotated
jeiku/Orthocopter_8B,Edgerunners/meta-llama-3-8b-instruct-hf-ortho-baukit-10fail-1000total,unknown_annotated
jonatasgrosman/wav2vec2-large-xlsr-53-arabic,facebook/wav2vec2-large-xlsr-53,unknown_annotated
jonatasgrosman/wav2vec2-large-xlsr-53-chinese-zh-cn,facebook/wav2vec2-large-xlsr-53,unknown_annotated
jonatasgrosman/wav2vec2-large-xlsr-53-dutch,facebook/wav2vec2-large-xlsr-53,unknown_annotated
jonatasgrosman/wav2vec2-large-xlsr-53-english,facebook/wav2vec2-large-xlsr-53,unknown_annotated
jonatasgrosman/wav2vec2-large-xlsr-53-finnish,facebook/wav2vec2-large-xlsr-53,unknown_annotated
jonatasgrosman/wav2vec2-large-xlsr-53-french,facebook/wav2vec2-large-xlsr-53,unknown_annotated
jonatasgrosman/wav2vec2-large-xlsr-53-german,facebook/wav2vec2-large-xlsr-53,unknown_annotated
jonatasgrosman/wav2vec2-large-xlsr-53-greek,facebook/wav2vec2-large-xlsr-53,unknown_annotated
jonatasgrosman/wav2vec2-large-xlsr-53-hungarian,facebook/wav2vec2-large-xlsr-53,unknown_annotated
jonatasgrosman/wav2vec2-large-xlsr-53-italian,facebook/wav2vec2-large-xlsr-53,unknown_annotated
jonatasgrosman/wav2vec2-large-xlsr-53-japanese,facebook/wav2vec2-large-xlsr-53,unknown_annotated
jonatasgrosman/wav2vec2-large-xlsr-53-persian,facebook/wav2vec2-large-xlsr-53,unknown_annotated
jonatasgrosman/wav2vec2-large-xlsr-53-polish,facebook/wav2vec2-large-xlsr-53,unknown_annotated
jonatasgrosman/wav2vec2-large-xlsr-53-portuguese,facebook/wav2vec2-large-xlsr-53,unknown_annotated
jonatasgrosman/wav2vec2-large-xlsr-53-russian,facebook/wav2vec2-large-xlsr-53,unknown_annotated
jonatasgrosman/wav2vec2-large-xlsr-53-spanish,facebook/wav2vec2-large-xlsr-53,unknown_annotated
jonatasgrosman/wav2vec2-xls-r-1b-english,facebook/wav2vec2-xls-r-1b,unknown_annotated
jonatasgrosman/wav2vec2-xls-r-1b-german,facebook/wav2vec2-xls-r-1b,unknown_annotated
jonatasgrosman/wav2vec2-xls-r-1b-italian,facebook/wav2vec2-xls-r-1b,unknown_annotated
jonatasgrosman/wav2vec2-xls-r-1b-portuguese,facebook/wav2vec2-xls-r-1b,unknown_annotated
jonatasgrosman/wav2vec2-xls-r-1b-russian,facebook/wav2vec2-xls-r-1b,unknown_annotated
jonatasgrosman/whisper-large-zh-cv11,openai/whisper-large-v2,unknown_annotated
jondurbin/bagel-34b-v0.2,01-ai/Yi-34B-200K,unknown_annotated
jondurbin/bagel-dpo-7b-v0.4,mistralai/Mistral-7B-v0.1,unknown_annotated
jondurbin/bagel-dpo-8x7b-v0.2,mistralai/Mixtral-8x7B-v0.1,unknown_annotated
jpacifico/French-Alpaca-Llama3-8B-Instruct-v1.0,meta-llama/Meta-Llama-3-8B-Instruct,unknown_annotated
Keynote-Technology/KAI-7B-v0.1,mistralai/Mistral-7B-v0.1,unknown_annotated
klue/bert-base,google-bert/bert-base-uncased,unknown_annotated
Laxhar/noobai-xl-EarlyAccess,OnomaAIResearch/Illustrious-xl-early-release-v0,unknown_annotated
LDCC/LDCC-SOLAR-10.7B,yanolja/KoSOLAR-10.7B-v0.1-deprecated,unknown_annotated
lemonilia/LimaRP-Mistral-7B-v0.1,mistralai/Mistral-7B-v0.1,unknown_annotated
LeoLM/leo-hessianai-7b,meta-llama/Llama-2-7b-hf,unknown_annotated
LeoLM/leo-mistral-hessianai-7b,mistralai/Mistral-7B-v0.1,unknown_annotated
LeoLM/leo-mistral-hessianai-7b-chat,LeoLM/leo-mistral-hessianai-7b,unknown_annotated
leveldevai/TurdusDareBeagle-7B,"udkai/Turdus,shadowml/DareBeagle-7B",unknown_annotated
llava-hf/llava-1.5-7b-hf,lmsys/vicuna-7b-v1.5,unknown_annotated
llm-jp/llm-jp-3-13b-instruct,llm-jp/llm-jp-3-13b,unknown_annotated
Locutusque/Apollo-0.4-Llama-3.1-8B,meta-llama/Llama-3.1-8B,unknown_annotated
Locutusque/Hyperion-1.5-Mistral-7B,mistralai/Mistral-7B-v0.1,unknown_annotated
Locutusque/Llama-3-Hercules-5.0-8B,meta-llama/Llama-3.1-8B,unknown_annotated
lodrick-the-lafted/Fuselage-8B,Edgerunners/meta-llama-3-8b-instruct-hf-ortho-baukit-10fail-1000total,unknown_annotated
lodrick-the-lafted/Limon-8B,lodrick-the-lafted/Olethros-8B,unknown_annotated
lucyknada/microsoft_WizardLM-2-7B,mistralai/Mistral-7B-v0.1,unknown_annotated
Lyte/Llama-3.2-3B-Overthinker,unsloth/llama-3.2-3b-instruct-bnb-4bit,unknown_annotated
macadeliccc/WestLake-7B-v2-laser-truthy-dpo,cognitivecomputations/WestLake-7B-v2-laser,unknown_annotated
maddes8cht/harborwater-open-llama-3b-v2-wizard-evol-instuct-v2-196k-gguf,harborwater/open-llama-3b-v2-wizard-evol-instuct-v2-196k,unknown_annotated
maldv/llama-3-fantasy-writer-8b,meta-llama/Meta-Llama-3-8B-Instruct,unknown_annotated
mattmdjaga/segformer_b2_clothes,nvidia/mit-b2,unknown_annotated
maximalists/BRAG-Llama-3.1-8b-v0.1,meta-llama/Llama-3.1-8B,unknown_annotated
MediaTek-Research/Breeze-7B-Base-v1_0,mistralai/Mistral-7B-v0.1,unknown_annotated
MediaTek-Research/Breeze-7B-Instruct-v1_0,MediaTek-Research/Breeze-7B-Base-v1_0,unknown_annotated
meta-llama/Llama-2-13b-chat-hf,meta-llama/Llama-2-13b-chat,unknown_annotated
meta-llama/Llama-2-13b-hf,meta-llama/Llama-2-13b,unknown_annotated
meta-llama/Llama-2-70b-hf,meta-llama/Llama-2-70b,unknown_annotated
meta-llama/Llama-2-7b-chat-hf,meta-llama/Llama-2-7b-chat,unknown_annotated
meta-llama/Llama-2-7b-hf,meta-llama/Llama-2-7b,unknown_annotated
meta-llama/Llama-3.2-11B-Vision-Instruct,meta-llama/Llama-3.2-11B-Vision-Instruct,unknown_annotated
meta-llama/Llama-3.2-1B-Instruct,meta-llama/Llama-3.2-1B,unknown_annotated
meta-llama/Llama-3.2-3B-Instruct,meta-llama/Llama-3.2-3B,unknown_annotated
meta-llama/Meta-Llama-3-8B-Instruct,meta-llama/Meta-Llama-3-8B,unknown_annotated
meta-math/MetaMath-Mistral-7B,mistralai/Mistral-7B-v0.1,unknown_annotated
microsoft/Orca-2-13b,meta-llama/Llama-2-13b-chat-hf,unknown_annotated
microsoft/Orca-2-7b,meta-llama/Llama-2-7b-chat-hf,unknown_annotated
microsoft/rad-dino,facebook/dinov2-base,unknown_annotated
microsoft/speecht5_tts,mechanicalsea/speecht5-tts,unknown_annotated
migtissera/Llama-3-8B-Synthia-v3.5,meta-llama/Meta-Llama-3-8B,unknown_annotated
migtissera/Tess-2.0-Llama-3-8B,meta-llama/Meta-Llama-3-8B,unknown_annotated
migtissera/Tess-34B-v1.4,01-ai/Yi-34B-200K,unknown_annotated
migtissera/Tess-72B-v1.5b,Qwen/Qwen-72B,unknown_annotated
mistral-community/Mixtral-8x22B-v0.1,mistralai/Mixtral-8x22B-v0.1,unknown_annotated
mistralai/Mistral-7B-Instruct-v0.2,mistral-community/Mistral-7B-v0.2,unknown_annotated
mistralai/Mistral-7B-v0.3,mistral-community/Mistral-7B-v0.2,unknown_annotated
mlabonne/Daredevil-8B-abliterated,mlabonne/Daredevil-8B,unknown_annotated
mlabonne/Marcoro14-7B-slerp,EmbeddedLLM/Mistral-7B-Merge-14-v0.1,unknown_annotated
mlabonne/NeuralDaredevil-8B-abliterated,mlabonne/Daredevil-8B-abliterated,unknown_annotated
mlx-community/Llama-3.2-1B-Instruct-8bit,meta-llama/Llama-3.2-1B-Instruct,unknown_annotated
mlx-community/Meta-Llama-3.1-8B-Instruct-4bit,meta-llama/Llama-3.1-8B-Instruct,unknown_annotated
moreh/MoMo-72B-lora-1.8.7-DPO,moreh/MoMo-72B-LoRA-V1.4,unknown_annotated
moreh/MoMo-72B-LoRA-V1.4,Qwen/Qwen-72B,unknown_annotated
MoritzLaurer/DeBERTa-v3-base-mnli-fever-anli,microsoft/deberta-v3-base,unknown_annotated
MoritzLaurer/DeBERTa-v3-large-mnli-fever-anli-ling-wanli,microsoft/deberta-v3-large,unknown_annotated
MoritzLaurer/multilingual-MiniLMv2-L6-mnli-xnli,nreimers/mMiniLMv2-L6-H384-distilled-from-XLMR-Large,unknown_annotated
mrm8488/deberta-v3-ft-financial-news-sentiment-analysis,microsoft/deberta-v3-small,unknown_annotated
mrm8488/distilroberta-finetuned-financial-news-sentiment-analysis,distilbert/distilroberta-base,unknown_annotated
MSL7/INEX12-7b,yam-peleg/Experiment26-7B,unknown_annotated
MTSAIR/MultiVerse_70B,Qwen/Qwen-72B,unknown_annotated
natong19/Mistral-Nemo-Instruct-2407-abliterated,mistralai/Mistral-Nemo-Instruct-2407,unknown_annotated
neulab/codebert-python,microsoft/codebert-base-mlm,unknown_annotated
NeuML/pubmedbert-base-embeddings,microsoft/BiomedNLP-BiomedBERT-base-uncased-abstract-fulltext,unknown_annotated
NeverSleep/Llama-3-Lumimaid-8B-v0.1,meta-llama/Meta-Llama-3-8B,unknown_annotated
NeverSleep/Lumimaid-v0.2-12B,mistralai/Mistral-Nemo-Instruct-2407,unknown_annotated
NeverSleep/Lumimaid-v0.2-8B,meta-llama/Llama-3.1-8B-Instruct,unknown_annotated
Nexusflow/Starling-LM-7B-beta,openchat/openchat-3.5-0106,unknown_annotated
Nitral-AI/Hathor_Tahsin-L3-8B-v0.85,meta-llama/Meta-Llama-3-8B-Instruct,unknown_annotated
Nitral-AI/Poppy_Porpoise-0.72-L3-8B,meta-llama/Meta-Llama-3-8B,unknown_annotated
nlptown/bert-base-multilingual-uncased-sentiment,google-bert/bert-base-multilingual-uncased,unknown_annotated
nomic-ai/nomic-embed-text-v1.5,nomic-ai/nomic-bert-2048,unknown_annotated
nothingiisreal/L3-8B-Celeste-v1,meta-llama/Meta-Llama-3-8B-Instruct,unknown_annotated
nothingiisreal/L3-8B-Celeste-V1.2,meta-llama/Meta-Llama-3-8B-Instruct,unknown_annotated
nothingiisreal/L3.1-8B-Celeste-V1.5,meta-llama/Llama-3.1-8B-Instruct,unknown_annotated
nothingiisreal/MN-12B-Celeste-V1.9,mistralai/Mistral-Nemo-Instruct-2407,unknown_annotated
NousResearch/Hermes-3-Llama-3.2-3B,meta-llama/Llama-3.2-3B,unknown_annotated
NousResearch/Llama-2-7b-chat-hf,meta-llama/Llama-2-7b-chat-hf,unknown_annotated
NousResearch/Llama-2-7b-hf,meta-llama/Llama-2-7b-hf,unknown_annotated
NousResearch/Llama-3.2-1B,meta-llama/Llama-3.2-1B,unknown_annotated
NousResearch/Meta-Llama-3-8B,meta-llama/Meta-Llama-3-8B,unknown_annotated
NousResearch/Meta-Llama-3-8B-Instruct,meta-llama/Meta-Llama-3-8B-Instruct,unknown_annotated
NousResearch/Meta-Llama-3.1-8B,meta-llama/Llama-3.1-8B,unknown_annotated
NousResearch/Meta-Llama-3.1-8B-Instruct,meta-llama/Llama-3.1-8B-Instruct,unknown_annotated
NousResearch/Yarn-Mistral-7b-128k,mistralai/Mistral-7B-v0.1,unknown_annotated
nreimers/MiniLM-L6-H384-uncased,microsoft/MiniLM-L12-H384-uncased,unknown_annotated
nvidia/Llama-3.1-Minitron-4B-Width-Base,meta-llama/Llama-3.1-8B,unknown_annotated
nvidia/Llama3-ChatQA-1.5-8B,meta-llama/Meta-Llama-3-8B,unknown_annotated
nvidia/segformer-b1-finetuned-ade-512-512,nvidia/mit-b1,unknown_annotated
OEvortex/Emotional-llama-8B,meta-llama/Meta-Llama-3-8B,unknown_annotated
Open-Orca/Mistral-7B-OpenOrca,mistralai/Mistral-7B-v0.1,unknown_annotated
openchat/openchat_3.5,mistralai/Mistral-7B-v0.1,unknown_annotated
Orenguteng/Llama-3-8B-Lexi-Uncensored,meta-llama/Meta-Llama-3-8B-Instruct,unknown_annotated
Orenguteng/Llama-3.1-8B-Lexi-Uncensored-V2,meta-llama/Llama-3.1-8B-Instruct,unknown_annotated
OwenArli/ArliAI-Llama-3-8B-Cumulus-v1.0,failspy/Meta-Llama-3-8B-Instruct-abliterated-v3,unknown_annotated
patrickjohncyh/fashion-clip,laion/CLIP-ViT-B-32-laion2B-s34B-b79K,unknown_annotated
petals-team/StableBeluga2,stabilityai/StableBeluga2,unknown_annotated
PetroGPT/WestSeverus-7B-DPO-v2,FelixChao/WestSeverus-7B,unknown_annotated
princeton-nlp/Llama-3-Instruct-8B-SimPO,meta-llama/Meta-Llama-3-8B-Instruct,unknown_annotated
pysentimiento/robertuito-sentiment-analysis,pysentimiento/robertuito-base-uncased,unknown_annotated
qingy2024/Qwen2.5-Math-14B-Instruct-Preview,unsloth/qwen2.5-14b-instruct-bnb-4bit,unknown_annotated
Qwen/CodeQwen1.5-7B-Chat,Qwen/CodeQwen1.5-7B,unknown_annotated
Qwen/Qwen1.5-1.8B-Chat,Qwen/Qwen1.5-1.8B,unknown_annotated
Qwen/Qwen1.5-14B-Chat,Qwen/Qwen1.5-14B,unknown_annotated
Qwen/Qwen1.5-7B-Chat,Qwen/Qwen1.5-7B,unknown_annotated
Qwen/Qwen2-1.5B-Instruct,Qwen/Qwen2-1.5B,unknown_annotated
refuelai/Llama-3-Refueled,meta-llama/Meta-Llama-3-8B,unknown_annotated
rizvandwiki/gender-classification,google/vit-base-patch16-224-in21k,unknown_annotated
rizvandwiki/gender-classification-2,google/vit-base-patch16-224-in21k,unknown_annotated
RLHFlow/LLaMA3-iterative-DPO-final,RLHFlow/LLaMA3-SFT,unknown_annotated
SamLowe/roberta-base-go_emotions,FacebookAI/roberta-base,unknown_annotated
SanjiWatsuki/Kunoichi-7B,SanjiWatsuki/Silicon-Maid-7B,unknown_annotated
SanjiWatsuki/Lelantos-DPO-7B,SanjiWatsuki/Lelantos-7B,unknown_annotated
Sao10K/Llama-3.1-8B-Stheno-v3.4,meta-llama/Llama-3.1-8B,unknown_annotated
Sao10K/MN-12B-Lyra-v3,Sao10K/MN-12B-Lyra-v2a1,unknown_annotated
Sao10K/MN-12B-Lyra-v4,Sao10K/MN-12B-Lyra-v4a1-Old,unknown_annotated
Sao10K/MN-12B-Lyra-v4a1-Old,Sao10K/MN-12B-Lyra-v3,unknown_annotated
saucam/Rudra-7b,google/gemma-7b,unknown_annotated
SciPhi/SciPhi-Mistral-7B-32k,mistralai/Mistral-7B-v0.1,unknown_annotated
SeaLLMs/SeaLLM-7B-v2,mistralai/Mistral-7B-v0.1,unknown_annotated
senseable/WestLake-7B-v2,mistralai/Mistral-7B-Instruct-v0.1,unknown_annotated
sentence-transformers/all-distilroberta-v1,distilbert/distilroberta-base,unknown_annotated
sentence-transformers/all-MiniLM-L12-v2,microsoft/MiniLM-L12-H384-uncased,unknown_annotated
sentence-transformers/all-MiniLM-L6-v2,nreimers/MiniLM-L6-H384-uncased,unknown_annotated
sentence-transformers/all-mpnet-base-v2,microsoft/mpnet-base,unknown_annotated
sentence-transformers/all-roberta-large-v1,FacebookAI/roberta-large,unknown_annotated
sentence-transformers/multi-qa-MiniLM-L6-cos-v1,nreimers/MiniLM-L6-H384-uncased,unknown_annotated
shadowml/Marcoro14-7B-slerp,EmbeddedLLM/Mistral-7B-Merge-14-v0.1,unknown_annotated
shibing624/chatglm3-6b-csc-chinese-lora,THUDM/chatglm3-6b,unknown_annotated
shibing624/chinese-text-correction-1.5b,Qwen/Qwen2.5-1.5B-Instruct,unknown_annotated
shibing624/chinese-text-correction-7b,Qwen/Qwen2.5-7B-Instruct,unknown_annotated
shibing624/text2vec-base-chinese,hfl/chinese-macbert-base,unknown_annotated
shibing624/text2vec-base-chinese-paraphrase,nghuyong/ernie-3.0-base-zh,unknown_annotated
shibing624/text2vec-base-chinese-sentence,nghuyong/ernie-3.0-base-zh,unknown_annotated
shibing624/text2vec-base-multilingual,sentence-transformers/paraphrase-multilingual-MiniLM-L12-v2,unknown_annotated
shibing624/text2vec-bge-large-chinese,BAAI/bge-large-zh-noinstruct,unknown_annotated
shuttleai/shuttle-2.5-mini,mistralai/Mistral-Nemo-Base-2407,unknown_annotated
SicariusSicariiStuff/Dusk_Rainbow,invisietch/EtherealRainbow-v0.3-8B,unknown_annotated
SicariusSicariiStuff/LLAMA-3_8B_Unaligned_BETA,meta-llama/Meta-Llama-3-8B,unknown_annotated
Solshine/reflection-llama-3.1-8B-Solshine-trainround1-16bit,unsloth/meta-llama-3.1-8b-instruct-bnb-4bit,unknown_annotated
stabilityai/japanese-stablelm-3b-4e1t-base,stabilityai/stablelm-3b-4e1t,unknown_annotated
stabilityai/japanese-stablelm-3b-4e1t-instruct,stabilityai/japanese-stablelm-3b-4e1t-base,unknown_annotated
stabilityai/japanese-stablelm-base-gamma-7b,mistralai/Mistral-7B-v0.1,unknown_annotated
stabilityai/japanese-stablelm-instruct-gamma-7b,stabilityai/japanese-stablelm-base-gamma-7b,unknown_annotated
stabilityai/sdxl-turbo,stabilityai/stable-diffusion-xl-base-1.0,unknown_annotated
stabilityai/stable-diffusion-2-1,stabilityai/stable-diffusion-2,unknown_annotated
stabilityai/stable-diffusion-2-1-base,stabilityai/stable-diffusion-2-base,unknown_annotated
stabilityai/stablelm-zephyr-3b,HuggingFaceH4/zephyr-7b-beta,unknown_annotated
stable-diffusion-v1-5/stable-diffusion-inpainting,CompVis/stable-diffusion-v1-2,unknown_annotated
stable-diffusion-v1-5/stable-diffusion-v1-5,CompVis/stable-diffusion-v1-2,unknown_annotated
SteelStorage/llama-3-cat-8b-instruct-v1,meta-llama/Meta-Llama-3-8B-Instruct,unknown_annotated
Systran/faster-whisper-base,openai/whisper-base,unknown_annotated
T-Systems-onsite/cross-en-de-roberta-sentence-transformer,FacebookAI/xlm-roberta-base,unknown_annotated
theainerd/wav2vec2-large-xlsr-53-odia,facebook/wav2vec2-large-xlsr-53,unknown_annotated
theainerd/Wav2Vec2-large-xlsr-hindi,facebook/wav2vec2-large-xlsr-53,unknown_annotated
TheDrummer/Ministrations-8B-v1,mistralai/Ministral-8B-Instruct-2410,unknown_annotated
theo77186/Llama-3-8B-Instruct-norefusal,meta-llama/Meta-Llama-3-8B-Instruct,unknown_annotated
THUDM/LongWriter-llama3.1-8b,meta-llama/Llama-3.1-8B,unknown_annotated
TIGER-Lab/MAmmoTH-7B-Mistral,mistralai/Mistral-7B-v0.1,unknown_annotated
TIGER-Lab/MAmmoTH2-8B-Plus,TIGER-Lab/MAmmoTH2-8B,unknown_annotated
tiiuae/falcon-7b-instruct,tiiuae/falcon-7b,unknown_annotated
tiiuae/Falcon3-3B-Instruct,tiiuae/Falcon3-3B-Base,unknown_annotated
TinyLlama/TinyLlama-1.1B-Chat-v0.6,TinyLlama/TinyLlama-1.1B-intermediate-step-955k-token-2T,unknown_annotated
TinyLlama/TinyLlama-1.1B-Chat-v1.0,TinyLlama/TinyLlama-1.1B-intermediate-step-1431k-3T,unknown_annotated
tokyotech-llm/Llama-3.1-Swallow-70B-v0.1,meta-llama/Llama-3.1-70B,unknown_annotated
trpakov/vit-face-expression,google/vit-base-patch16-224-in21k,unknown_annotated
turboderp/llama3-turbcat-instruct-8b,meta-llama/Meta-Llama-3-8B-Instruct,unknown_annotated
UCLA-AGI/Gemma-2-9B-It-SPPO-Iter3,google/gemma-2-9b-it,unknown_annotated
UCLA-AGI/Llama-3-Instruct-8B-SPPO-Iter1,meta-llama/Meta-Llama-3-8B-Instruct,unknown_annotated
UCLA-AGI/Llama-3-Instruct-8B-SPPO-Iter2,UCLA-AGI/Llama-3-Instruct-8B-SPPO-Iter1,unknown_annotated
UCLA-AGI/Llama-3-Instruct-8B-SPPO-Iter3,UCLA-AGI/Llama-3-Instruct-8B-SPPO-Iter2,unknown_annotated
Undi95/Llama-3-LewdPlay-8B,meta-llama/Meta-Llama-3-8B-Instruct,unknown_annotated
Undi95/Llama-3-Unholy-8B,meta-llama/Meta-Llama-3-8B-Instruct,unknown_annotated
Undi95/Llama-3-Unholy-8B-e4,meta-llama/Meta-Llama-3-8B-Instruct,unknown_annotated
Undi95/Llama3-Unholy-8B-OAS,meta-llama/Meta-Llama-3-8B-Instruct,unknown_annotated
Undi95/Meta-Llama-3-8B-Instruct-hf,meta-llama/Meta-Llama-3-8B-Instruct,unknown_annotated
Undi95/Meta-Llama-3.1-8B-Claude,meta-llama/Llama-3.1-8B,unknown_annotated
Undi95/Mistral-7B-smoll_pippa-lora,mistralai/Mistral-7B-v0.1,unknown_annotated
Undi95/Unholy-8B-DPO-OAS,Undi95/Llama-3-Unholy-8B,unknown_annotated
unsloth/codegemma-7b,google/codegemma-7b,unknown_annotated
unsloth/codellama-7b-bnb-4bit,meta-llama/CodeLlama-7b-hf,unknown_annotated
unsloth/gemma-1.1-2b-it-bnb-4bit,google/gemma-1.1-2b-it,unknown_annotated
unsloth/gemma-2-27b-bnb-4bit,google/gemma-2-27b,unknown_annotated
unsloth/gemma-2-2b,google/gemma-2-2b,unknown_annotated
unsloth/gemma-2-2b-it,google/gemma-2b-it,unknown_annotated
unsloth/gemma-2-2b-it-bnb-4bit,google/gemma-2b-it,unknown_annotated
unsloth/gemma-2-9b,google/gemma-2-9b,unknown_annotated
unsloth/gemma-2-9b-it,google/gemma-2-9b-it,unknown_annotated
unsloth/gemma-2b-bnb-4bit,google/gemma-2b,unknown_annotated
unsloth/Hermes-3-Llama-3.1-8B,NousResearch/Hermes-3-Llama-3.1-8B,unknown_annotated
unsloth/llama-2-13b-bnb-4bit,meta-llama/Llama-2-13b-hf,unknown_annotated
unsloth/llama-2-7b-bnb-4bit,meta-llama/Llama-2-7b,unknown_annotated
unsloth/llama-2-7b-chat-bnb-4bit,meta-llama/Llama-2-7b-chat-hf,unknown_annotated
unsloth/llama-3-70b-Instruct-bnb-4bit,meta-llama/Meta-Llama-3-70B-Instruct,unknown_annotated
unsloth/llama-3-8b,meta-llama/Meta-Llama-3-8B,unknown_annotated
unsloth/llama-3-8b-Instruct,meta-llama/Meta-Llama-3-8B-Instruct,unknown_annotated
unsloth/llama-3-8b-Instruct-bnb-4bit,meta-llama/Meta-Llama-3-8B-Instruct,unknown_annotated
unsloth/Meta-Llama-3.1-8B,meta-llama/Llama-3.1-8B,unknown_annotated
unsloth/mistral-7b,mistralai/Mistral-7B-v0.1,unknown_annotated
unsloth/mistral-7b-bnb-4bit,mistralai/Mistral-7B-v0.1,unknown_annotated
unsloth/mistral-7b-instruct-v0.2-bnb-4bit,mistralai/Mistral-7B-Instruct-v0.2,unknown_annotated
unsloth/mistral-7b-instruct-v0.3,mistralai/Mistral-7B-Instruct-v0.3,unknown_annotated
unsloth/mistral-7b-v0.3,mistralai/Mistral-7B-v0.3,unknown_annotated
unsloth/Mistral-Nemo-Base-2407,mistralai/Mistral-Nemo-Base-2407,unknown_annotated
unsloth/Mistral-Nemo-Base-2407-bnb-4bit,mistralai/Mistral-Nemo-Base-2407,unknown_annotated
unsloth/Mistral-Nemo-Instruct-2407,mistralai/Mistral-Nemo-Instruct-2407,unknown_annotated
unsloth/Mistral-Nemo-Instruct-2407-bnb-4bit,mistralai/Mistral-Nemo-Instruct-2407,unknown_annotated
unsloth/OpenHermes-2.5-Mistral-7B,teknium/OpenHermes-2.5-Mistral-7B,unknown_annotated
unsloth/Phi-3-mini-4k-instruct,microsoft/Phi-3-mini-4k-instruct,unknown_annotated
unsloth/Phi-3-mini-4k-instruct-bnb-4bit,microsoft/Phi-3-mini-4k-instruct,unknown_annotated
unsloth/Qwen2-0.5B,Qwen/Qwen2-0.5B,unknown_annotated
unsloth/Qwen2-0.5B-Instruct,Qwen/Qwen2-0.5B-Instruct,unknown_annotated
unsloth/Qwen2-1.5B,Qwen/Qwen2-1.5B,unknown_annotated
unsloth/Qwen2-7B-Instruct,Qwen/Qwen2-7B-Instruct,unknown_annotated
VAGOsolutions/Llama-3-SauerkrautLM-8b-Instruct,meta-llama/Meta-Llama-3-8B-Instruct,unknown_annotated
VAGOsolutions/Llama-3.1-SauerkrautLM-8b-Instruct,meta-llama/Llama-3.1-8B-Instruct,unknown_annotated
VAGOsolutions/SauerkrautLM-Gemma-7b,google/gemma-7b,unknown_annotated
Vdr1/L3-8B-Sunfall-v0.2-Stheno-v3.2,Sao10K/L3-8B-Stheno-v3.2,unknown_annotated
vicgalle/Configurable-Llama-3-8B-v0.2,meta-llama/Meta-Llama-3-8B-Instruct,unknown_annotated
vicgalle/Configurable-Llama-3-8B-v0.3,vicgalle/Configurable-Llama-3-8B-v0.2,unknown_annotated
vicgalle/Configurable-Llama-3.1-8B-Instruct,meta-llama/Llama-3.1-8B-Instruct,unknown_annotated
vicgalle/Roleplay-Hermes-3-Llama-3.1-8B,NousResearch/Hermes-3-Llama-3.1-8B,unknown_annotated
victunes/TherapyLlama-8B-v1,meta-llama/Meta-Llama-3-8B,unknown_annotated
Viet-Mistral/Vistral-7B-Chat,mistralai/Mistral-7B-v0.1,unknown_annotated
w11wo/indo-gpt2-small,openai-community/gpt2,unknown_annotated
w11wo/indonesian-roberta-base-sentiment-classifier,flax-community/indonesian-roberta-base,unknown_annotated
w11wo/wav2vec2-xls-r-300m-korean,facebook/wav2vec2-xls-r-300m,unknown_annotated
yikuan8/Clinical-Longformer,allenai/longformer-base-4096,unknown_annotated
yiyanghkust/finbert-tone,yiyanghkust/finbert-pretrain,unknown_annotated
zementalist/llama-3-8B-chat-psychotherapist,meta-llama/Meta-Llama-3-8B-Instruct,unknown_annotated
Yntec/IncredibleWorld,runwayml/stable-diffusion-v1-5,unknown_annotated
Sygil/Sygil-Diffusion,runwayml/stable-diffusion-v1-5,unknown_annotated
wavymulder/timeless-diffusion,runwayml/stable-diffusion-v1-5,unknown_annotated
Yntec/GenerateMe,MoistMix/MoistMixV2,unknown_annotated
Yntec/Dreamshaper8,runwayml/stable-diffusion-v1-5,unknown_annotated
Yntec/HELLmix,MoistMix/MoistMixV2,unknown_annotated
Yntec/COOLKIDSV2,runwayml/stable-diffusion-v1-5,unknown_annotated
Yntec/PixelKicks,runwayml/stable-diffusion-v1-5,unknown_annotated
Yntec/AnalogMadness,runwayml/stable-diffusion-v1-5,unknown_annotated
Yntec/Luma,runwayml/stable-diffusion-v1-5,unknown_annotated
Yntec/RealLife,runwayml/stable-diffusion-v1-5,unknown_annotated
Yntec/AgarthaChadstyle,runwayml/stable-diffusion-v1-5,unknown_annotated
Yntec/fennPhoto,runwayml/stable-diffusion-v1-5,unknown_annotated
Yntec/Tantrum,MoistMix/MoistMixV2,unknown_annotated
Yntec/ElldrethsRetroMix,runwayml/stable-diffusion-v1-5,unknown_annotated
Yntec/3DCuteWave,runwayml/stable-diffusion-v1-5,unknown_annotated
Yntec/Paragon,runwayml/stable-diffusion-v1-5,unknown_annotated
Yntec/Vintedois,runwayml/stable-diffusion-v1-5,unknown_annotated
Yntec/ReVAnimated,MoistMix/MoistMixV2,unknown_annotated
digiplay/BeautyFoolReality_4,runwayml/stable-diffusion-v1-5,unknown_annotated
wavymulder/Analog-Diffusion,runwayml/stable-diffusion-v1-5,unknown_annotated
Yntec/LiberteRedmond,runwayml/stable-diffusion-v1-5,unknown_annotated
Yntec/REV,molydeus/Color101VAE_v1,unknown_annotated
Yntec/DreamShaper,runwayml/stable-diffusion-v1-5,unknown_annotated
Yntec/Protogen,runwayml/stable-diffusion-v1-5,unknown_annotated
digiplay/Acorn_Photo_v1,runwayml/stable-diffusion-v1-5,unknown_annotated
Yntec/DucHaiten-GoldenLife,runwayml/stable-diffusion-v1-5,unknown_annotated
Yntec/FantassifiedIcons,runwayml/stable-diffusion-v1-5,unknown_annotated
Yntec/LEOSAMsFilmGirlUltra,runwayml/stable-diffusion-v1-5,unknown_annotated
Yntec/StaticMVintage,runwayml/stable-diffusion-v1-5,unknown_annotated
Yntec/ZootVisionEpsilon,runwayml/stable-diffusion-v1-5,unknown_annotated
Yntec/Kitsch-In-Sync,runwayml/stable-diffusion-v1-5,unknown_annotated
Yntec/nuipenimix,MoistMix/MoistMixV2,unknown_annotated
MoistMix/MoistMixV2,runwayml/stable-diffusion-v1-5,unknown_annotated
darkstorm2150/Protogen_v2.2_Official_Release,runwayml/stable-diffusion-v1-5,unknown_annotated
DeepMount00/Minerva-3B-base-RAG,sapienzanlp/Minerva-3B-base-v1.0,unknown_annotated
abacusai/Liberated-Qwen1.5-7B,Qwen/Qwen1.5-7B,unknown_annotated
fblgit/UNA-34BeagleSimpleMath-32K-v1,fblgit/UNA-34Beagles-32K-v1,unknown_annotated
cognitivecomputations/dolphin-2_6-phi-2,microsoft/phi-2,unknown_annotated
rhysjones/phi-2-orange,microsoft/phi-2,unknown_annotated
Azure99/blossom-v5.1-34b,Yi-1.5-34B,unknown_annotated
migtissera/Tess-v2.5-Gemma-2-27B-alpha,google/gemma-2-27b-it,unknown_annotated
IlyaGusev/gemma-2-2b-it-abliterated,google/gemma-2-2b-it,unknown_annotated
jtatman/tinymistral-v2-pycoder-instruct-248m,Locutusque/TinyMistral-248M-v2-Instruct,unknown_annotated
Locutusque/TinyMistral-248M-v2-Instruct,Locutusque/TinyMistral-248M-v2,unknown_annotated
appvoid/arco-2-reasoning-20k,appvoid/arco-2,unknown_annotated
migtissera/Tess-2.0-Mixtral-8x22B,mistral-community/Mixtral-8x22B-v0.1,unknown_annotated
openbmb/Eurux-8x22b-nca,mistral-community/Mixtral-8x22B-v0.1,unknown_annotated
alpindale/WizardLM-2-8x22B,mistralai/Mixtral-8x22B-v0.1,unknown_annotated
VAGOsolutions/SauerkrautLM-Gemma-2b,google/gemma-2b,unknown_annotated
unsloth/gemma-2b,google/gemma-2b,unknown_annotated
beomi/gemma-ko-2b,google/gemma-2b,unknown_annotated
invisietch/MiS-Firefly-v0.2-22B,mistralai/Mistral-Small-Instruct-2409,unknown_annotated
jpacifico/Chocolatine-14B-Instruct-4k-DPO,microsoft/Phi-3-medium-4k-instruct,unknown_annotated
jpacifico/Chocolatine-14B-Instruct-DPO-v1.2,microsoft/Phi-3-medium-4k-instruct,unknown_annotated
failspy/Phi-3-medium-4k-instruct-abliterated-v3,microsoft/Phi-3-medium-4k-instruct,unknown_annotated
benhaotang/Phi-4-llama-t1-full,win10/Phi-4-llama-t1-lora,unknown_annotated
KBlueLeaf/Kohaku-XL-Zeta,KBlueLeaf/Kohaku-XL-Epsilon-rev2,unknown_annotated
KBlueLeaf/Kohaku-XL-Epsilon-rev2,KBlueLeaf/Kohaku-XL-Epsilon,unknown_annotated
Raelina/Raehoshi-illust-XL-3,OnomaAIResearch/Illustrious-xl-early-release-v0,unknown_annotated
Spestly/Athena-1-14B,Qwen/Qwen2.5-14B-Instruct,unknown_annotated
jpacifico/Chocolatine-2-14B-Instruct-v2.0b3,sometimesanotion/Lamarck-14B-v0.7,unknown_annotated
qingy2024/Qwen2.5-Math-14B-Instruct-Alpha,unsloth/qwen2.5-14b-bnb-4bit,unknown_annotated
qingy2024/Qwen2.5-Math-14B-Instruct-Preview,unsloth/qwen2.5-14b-instruct-bnb-4bit,unknown_annotated
anthracite-org/magnum-v4-123b,mistralai/Mistral-Large-Instruct-2407,unknown_annotated
lightblue/karasu-1.1B,TinyLlama/TinyLlama-1.1B-intermediate-step-715k-1.5T,unknown_annotated
abacusai/MM-Orc-Vic-bagel-34b-c1000,jondurbin/nontoxic-bagel-34b-v0.2,unknown_annotated
abacusai/Dracarys-Llama-3.1-70B-Instruct,meta-llama/Llama-3.1-70B-Instruct,unknown_annotated
abacusai/Dracarys2-72B-Instruct,Qwen/Qwen2.5-72B-Instruct,unknown_annotated
abacusai/Dracarys2-Llama-3.1-70B-Instruct,meta-llama/Llama-3.1-70B-Instruct,unknown_annotated
abacusai/Llama-3-Giraffe-70B,abacusai/Llama-3-Giraffe-70B,unknown_annotated
abacusai/MetaMath-Bagel-DPO-34B,abacusai/MM-Orc-Vic-bagel-34b-c1000,unknown_annotated
abacusai/Smaug-Llama-3-70B-Instruct,meta-llama/Meta-Llama-3-70B-Instruct,unknown_annotated
abacusai/Smaug-Llama-3-70B-Instruct-32K,meta-llama/Meta-Llama-3-70B-Instruct,unknown_annotated
abhinav2024/phi-3.5-instruct-vul,unsloth/phi-3.5-mini-instruct-bnb-4bit,unknown_annotated
jondurbin/nontoxic-bagel-34b-v0.2,01-ai/Yi-34B-200K,unknown_annotated
Yntec/DreamWorks,,unknown